trainer_step,actor/final_loss,method,final_loss_rolling_mean_11
1,0.0331351418979466,Vanilla OPD,0.028155978406294992
2,0.025153516072102568,Vanilla OPD,0.02785519910905736
3,0.022682587111679215,Vanilla OPD,0.02979589570381307
4,0.02474337638440457,Vanilla OPD,0.029019691158367236
5,0.034685021312907335,Vanilla OPD,0.028476759822888657
6,0.028536227658729662,Vanilla OPD,0.028301947830754605
7,0.026050523325631566,Vanilla OPD,0.028102162236534233
8,0.04338077186710305,Vanilla OPD,0.028354489900081103
9,0.02281005479480055,Vanilla OPD,0.028691098302807163
10,0.023590377803581457,Vanilla OPD,0.02893159391828432
11,0.026553827909414063,Vanilla OPD,0.028782492416784256
12,0.03093750036152249,Vanilla OPD,0.02802753822414994
13,0.027929120371118187,Vanilla OPD,0.027794950996275027
14,0.02638527954166586,Vanilla OPD,0.025852407014626454
15,0.02738882815465331,Vanilla OPD,0.02574370640533002
16,0.03304490479640663,Vanilla OPD,0.02498354496141669
17,0.020231731539752218,Vanilla OPD,0.02402120589590182
18,0.02349206381900744,Vanilla OPD,0.02333109230910865
19,0.0220127880689688,Vanilla OPD,0.0233913172299321
20,0.021614348092539745,Vanilla OPD,0.022679627246673193
21,0.015228601920534856,Vanilla OPD,0.022257847322550355
22,0.015968098188750446,Vanilla OPD,0.021359697148322202
23,0.02334625090679765,Vanilla OPD,0.02125323288534057
24,0.02859159450017614,Vanilla OPD,0.022655829514773105
25,0.01855668972581787,Vanilla OPD,0.022781766921343285
26,0.022749248989302116,Vanilla OPD,0.023323735604904094
27,0.02316525287989696,Vanilla OPD,0.024186004968513575
28,0.01906062464695424,Vanilla OPD,0.02509688547933585
29,0.03892062674276531,Vanilla OPD,0.024652735055283436
30,0.023398099541240794,Vanilla OPD,0.023543432835049945
31,0.027576003611708682,Vanilla OPD,0.024912641580847886
32,0.02471356492023915,Vanilla OPD,0.024783080628865913
33,0.025987783807795494,Vanilla OPD,0.025759429934889347
34,0.018460596242221072,Vanilla OPD,0.02546628584744365
35,0.016389270077607678,Vanilla OPD,0.023326829612710816
36,0.033617985929595307,Vanilla OPD,0.02282624170746168
37,0.02132407851750031,Vanilla OPD,0.022639034898701824
38,0.033905095246154815,Vanilla OPD,0.022055080068047853
39,0.01583603968505155,Vanilla OPD,0.022552648909022553
40,0.01538660816070412,Vanilla OPD,0.02238311152215981
41,0.017891632583500308,Vanilla OPD,0.02259933291256836
42,0.02551672871535023,Vanilla OPD,0.022394069782243894
43,0.01829006178304553,Vanilla OPD,0.02212883130090693
44,0.031461041058517165,Vanilla OPD,0.02189785275468907
45,0.016595684986730867,Vanilla OPD,0.022962389121232375
46,0.018767705372101772,Vanilla OPD,0.0231287222460171
47,0.03136009149602614,Vanilla OPD,0.024121506773411783
48,0.018406455222793737,Vanilla OPD,0.02421825047263143
49,0.03136433123775836,Vanilla OPD,0.02345753071884211
50,0.027545939717027876,Vanilla OPD,0.021854420889996437
51,0.01721627253333612,Vanilla OPD,0.023759352589435997
52,0.02881226238484184,Vanilla OPD,0.02333217073658299
53,0.026580909406766294,Vanilla OPD,0.021944080873678794
54,0.009922144491363062,Vanilla OPD,0.023886987824145247
55,0.013826832941214723,Vanilla OPD,0.02213553674535319
56,0.03754993368056603,Vanilla OPD,0.020575915822544845
57,0.014068704990718701,Vanilla OPD,0.022241546068301764
58,0.01609110300407999,Vanilla OPD,0.020481120038087063
59,0.03977843167792473,Vanilla OPD,0.020866487622671178
60,0.012098369371045692,Vanilla OPD,0.022644654721588605
61,0.010390109566136138,Vanilla OPD,0.023093326203059674
62,0.03553820523666218,Vanilla OPD,0.021098002343804677
63,0.009447576052480144,Vanilla OPD,0.022341882295393356
64,0.030819952837191522,Vanilla OPD,0.0222513451755018
65,0.02948198257945478,Vanilla OPD,0.020843951056194583
66,0.018762219237396495,Vanilla OPD,0.020600955027361385
67,0.015601371228761061,Vanilla OPD,0.021456771372718227
68,0.027751384458194178,Vanilla OPD,0.019613597181128598
69,0.015095194685272872,Vanilla OPD,0.022257098823581647
70,0.02429709636554536,Vanilla OPD,0.02183757430295545
71,0.009425413053880524,Vanilla OPD,0.02122454224592075
72,0.019804089365061374,Vanilla OPD,0.020861221175728355
73,0.015263289129176304,Vanilla OPD,0.020037502349014552
74,0.03852609411946365,Vanilla OPD,0.018591128385283415
75,0.02620518311030335,Vanilla OPD,0.019143083441227435
76,0.022738629952073097,Vanilla OPD,0.017975452868485262
77,0.014765687465280114,Vanilla OPD,0.01904993110950907
78,0.006540464134909248,Vanilla OPD,0.019758110504200087
79,0.011841270857151661,Vanilla OPD,0.019576176212492993
80,0.021166700300657086,Vanilla OPD,0.017232922095455124
81,0.011453160065381477,Vanilla OPD,0.017053365840005233
82,0.021244673705142405,Vanilla OPD,0.015884452175928206
83,0.02759406270666255,Vanilla OPD,0.016374213059031265
84,0.01326201192039827,Vanilla OPD,0.01863220284228048
85,0.012750298832047107,Vanilla OPD,0.018757869348237158
86,0.02423006430035457,Vanilla OPD,0.0188909609381852
87,0.00988057964722581,Vanilla OPD,0.01947042107526831
88,0.020153057179413736,Vanilla OPD,0.01883010763024702
89,0.031378351750650575,Vanilla OPD,0.01703436371992195
90,0.013223602422675123,Vanilla OPD,0.018177218554463106
91,0.02263070779008558,Vanilla OPD,0.018095979841102484
92,0.0178272215732957,Vanilla OPD,0.018954865735613863
93,0.014201225809908161,Vanilla OPD,0.02097172975366747
94,0.007840879693086814,Vanilla OPD,0.020006169225169276
95,0.025833415100350976,Vanilla OPD,0.01909516449609924
96,0.011856672985080271,Vanilla OPD,0.019216365130780268
97,0.03367780913997974,Vanilla OPD,0.0180300762066728
98,0.03206608384581549,Vanilla OPD,0.017888155887256268
99,0.009531891365933612,Vanilla OPD,0.017747692767211345
100,0.021357299730880186,Vanilla OPD,0.01853632287968405
101,0.014556809404166416,Vanilla OPD,0.017985009929718777
102,0.009581529624903431,Vanilla OPD,0.01779813446802733
103,0.01626609805971384,Vanilla OPD,0.016781010404392616
104,0.012656131489414045,Vanilla OPD,0.015481203367872
105,0.016515810930286534,Vanilla OPD,0.016005722189584126
106,0.019768972650733,Vanilla OPD,0.019240602956944627
107,0.009801042906474322,Vanilla OPD,0.019071013777151737
108,0.022489444439997897,Vanilla OPD,0.020581006767442837
109,0.01776820644408872,Vanilla OPD,0.02215723973807458
110,0.015301598404766992,Vanilla OPD,0.022089817652761853
111,0.056940988171845675,Vanilla OPD,0.02109734832281752
112,0.01269132842644467,Vanilla OPD,0.02109824576948891
113,0.026191452518105507,Vanilla OPD,0.021644498487825344
114,0.033604660736663,Vanilla OPD,0.023711142981167634
115,0.011914488550974055,Vanilla OPD,0.023459542791839275
116,0.0055986483008988825,Vanilla OPD,0.02412912916782092
117,0.01977884456411832,Vanilla OPD,0.02031717090895283
118,0.01580982280817504,Vanilla OPD,0.020757255684505427
119,0.045222533866763115,Vanilla OPD,0.02229666291474174
120,0.01500060436147679,Vanilla OPD,0.020386917265575403
121,0.022667048540565053,Vanilla OPD,0.02276803620553206
122,0.015009447324296666,Vanilla OPD,0.02362967895914454
123,0.01753226095752325,Vanilla OPD,0.02258309287305077
124,0.04312493205070496,Vanilla OPD,0.0246884417707112
125,0.012597458595833317,Vanilla OPD,0.023733420042203704
126,0.03810679689049721,Vanilla OPD,0.024015356615033078
127,0.01507671859063622,Vanilla OPD,0.023300927434492767
128,0.008266397617086857,Vanilla OPD,0.02301519051300377
129,0.0389686606824398,Vanilla OPD,0.022874989602364438
130,0.03471729485318065,Vanilla OPD,0.02164819995293363
131,0.018101906662599906,Vanilla OPD,0.022444093103990502
132,0.01480832755462163,Vanilla OPD,0.02044284874004635
133,0.01186634118791765,Vanilla OPD,0.023113587516731135
134,0.015990050940490618,Vanilla OPD,0.024386063214569577
135,0.029630245906966075,Vanilla OPD,0.022538481554646127
136,0.02135228325745889,Vanilla OPD,0.02217441148785905
137,0.01609310888711156,Vanilla OPD,0.02202095955507202
138,0.04445484513416886,Vanilla OPD,0.021562122769673477
139,0.02226363029330969,Vanilla OPD,0.022187162938562596
140,0.018645262423281867,Vanilla OPD,0.02400027985690636
141,0.030712524118522804,Vanilla OPD,0.02273635023612206
142,0.01641393540194258,Vanilla OPD,0.02347770110381484
143,0.009761122915237634,Vanilla OPD,0.023115362665669215
144,0.018741783045697957,Vanilla OPD,0.019748412913634213
145,0.03593433704227209,Vanilla OPD,0.018926708833432535
146,0.015727020078338684,Vanilla OPD,0.019142038386404943
147,0.029507142802079517,Vanilla OPD,0.017050144497179884
148,0.012107386067509652,Vanilla OPD,0.019853235165928948
149,0.0074183978617838875,Vanilla OPD,0.020011860978845122
150,0.013224885411091236,Vanilla OPD,0.019523951765755655
151,0.021013887505978344,Vanilla OPD,0.017798172143221158
152,0.007701691337047123,Vanilla OPD,0.0187301038260835
153,0.04724793275818229,Vanilla OPD,0.017882084259922337
154,0.011506006857315596,Vanilla OPD,0.01946018042482078
155,0.0133747817017138,Vanilla OPD,0.021252659515275215
156,0.016950761194392625,Vanilla OPD,0.02117792355453629
157,0.025978268589824438,Vanilla OPD,0.021319256713115804
158,0.020178927574306726,Vanilla OPD,0.023582357437433785
159,0.029466443881392478,Vanilla OPD,0.020656232395034602
160,0.027135667856782675,Vanilla OPD,0.020733820428082965
161,0.012402789842963103,Vanilla OPD,0.020735481315841187
162,0.022568552250352997,Vanilla OPD,0.02012787676520822
163,0.032595799304544926,Vanilla OPD,0.019152939761763677
164,0.015060557291791257,Vanilla OPD,0.019482862985129114
165,0.012359475220847571,Vanilla OPD,0.0179990051222026
166,0.013393051467054258,Vanilla OPD,0.016138341785077583
167,0.010267111137429973,Vanilla OPD,0.018351438463955014
168,0.01525396155193448,Vanilla OPD,0.017804393847274596
169,0.023808083031326532,Vanilla OPD,0.015241643547327023
170,0.013144007389200851,Vanilla OPD,0.014987651238404924
171,0.006668371148407459,Vanilla OPD,0.017220873516297874
172,0.03674685331061482,Vanilla OPD,0.01732459279149383
173,0.016551061466868435,Vanilla OPD,0.01825940470850163
174,0.004405546005121626,Vanilla OPD,0.018576898887829398
175,0.012266641893648154,Vanilla OPD,0.017479600935889298
176,0.036924920277670026,Vanilla OPD,0.01722076377178216
177,0.01453396349420978,Vanilla OPD,0.017916522054031443
178,0.02055004222451576,Vanilla OPD,0.01579733558495993
179,0.018746397524539913,Vanilla OPD,0.016816854561604
180,0.011737805559985444,Vanilla OPD,0.017148217536708102
181,0.010296798584022326,Vanilla OPD,0.016923939315813954
182,0.014321712253149599,Vanilla OPD,0.015299420425299564
183,0.013435802150828144,Vanilla OPD,0.015413943247106298
184,0.02776577020995319,Vanilla OPD,0.01558748145373527
185,0.008050538731266797,Vanilla OPD,0.01745482994525186
186,0.0097995814638125,Vanilla OPD,0.018942195610696447
187,0.019055212482011745,Vanilla OPD,0.019990398734404273
188,0.015793714534083847,Vanilla OPD,0.019922338330857405
189,0.022458962497434447,Vanilla OPD,0.022069617082837802
190,0.03928723093122244,Vanilla OPD,0.02080770855359615
191,0.028098827879875898,Vanilla OPD,0.021016928140393267
192,0.021827032944808405,Vanilla OPD,0.020931273291165956
193,0.013573047814134043,Vanilla OPD,0.022743506702352853
194,0.03705586842261255,Vanilla OPD,0.02248243257463581
195,0.013884776388294995,Vanilla OPD,0.024023503819477855
196,0.010351954186035073,Vanilla OPD,0.021891464734713394
197,0.008857378122312102,Vanilla OPD,0.020712879501985783
198,0.03898978000506759,Vanilla OPD,0.021542976103861227
199,0.01292189912919639,Vanilla OPD,0.021385267049651553
200,0.039410746190696955,Vanilla OPD,0.018640510424648506
201,0.01583480099881334,Vanilla OPD,0.0194187113740214
202,0.015134390319872182,Vanilla OPD,0.02125437262260663
203,0.03095809556543827,Vanilla OPD,0.02148280606356181
204,0.01183824821782764,Vanilla OPD,0.020014859400740256
205,0.006863545547579027,Vanilla OPD,0.02096277556636717
206,0.02244498683139682,Vanilla OPD,0.0195471108098901
207,0.030544227920472622,Vanilla OPD,0.01989446380236726
208,0.011370145972819046,Vanilla OPD,0.02194436808794282
209,0.022842366714030504,Vanilla OPD,0.020409247456120688
210,0.023348976951092483,Vanilla OPD,0.02264919561720464
211,0.023838433869449154,Vanilla OPD,0.024397082901160716
212,0.019655683916062115,Vanilla OPD,0.023214436444922663
213,0.03768333746120334,Vanilla OPD,0.02241746676125112
214,0.01407176861539483,Vanilla OPD,0.023390907645694212
215,0.0364776779897511,Vanilla OPD,0.02223433150385216
216,0.026090305671095847,Vanilla OPD,0.02102036622236483
217,0.009435875812778249,Vanilla OPD,0.02200918516330119
218,0.021777561400085688,Vanilla OPD,0.021166574102490024
219,0.022077995701693,Vanilla OPD,0.020879678490065952
220,0.010120029153767973,Vanilla OPD,0.021796979690057547
221,0.00999535885473181,Vanilla OPD,0.019254526826581186
222,0.03471544221974909,Vanilla OPD,0.018044294352798328
223,0.010386962247139309,Vanilla OPD,0.02040443938450569
224,0.034527485724538565,Vanilla OPD,0.019000788786343138
225,0.024162081815302373,Vanilla OPD,0.01882608237614983
226,0.008510696491511125,Vanilla OPD,0.019477931571807296
227,0.012777748459484428,Vanilla OPD,0.01929411240350086
228,0.035397471161559224,Vanilla OPD,0.01747476824769599
229,0.006337404820297624,Vanilla OPD,0.019759111736374454
230,0.020156225189566612,Vanilla OPD,0.017658058498649914
231,0.017290370306000113,Vanilla OPD,0.016690119416670143
232,0.007973348003361025,Vanilla OPD,0.017990390471825643
233,0.014702656505895513,Vanilla OPD,0.01756953389798327
234,0.0355147406226024,Vanilla OPD,0.015297405927704233
235,0.01141590010956861,Vanilla OPD,0.018017635521133887
236,0.013514751913524898,Vanilla OPD,0.016465538895275092
237,0.02281367809822162,Vanilla OPD,0.0172161028535962
238,0.008148326147218339,Vanilla OPD,0.01803542181045366
239,0.010404063488489814,Vanilla OPD,0.017638833689438947
240,0.03625993034802377,Vanilla OPD,0.01682314700643778
241,0.0030831623051199132,Vanilla OPD,0.016878437122873426
242,0.025546573847532273,Vanilla OPD,0.01671822637455089
243,0.016985856528793062,Vanilla OPD,0.016270125678853917
244,0.010340187174733728,Vanilla OPD,0.017949410424185
245,0.026542187109589575,Vanilla OPD,0.017449209647544237
246,0.012024091390360678,Vanilla OPD,0.015568137577496283
247,0.011752433681976981,Vanilla OPD,0.01695535705220477
248,0.017884570445554953,Vanilla OPD,0.01588145495278883
249,0.026620458345860243,Vanilla OPD,0.01572368329907394
250,0.004901854945441416,Vanilla OPD,0.01662093265313064
1,0.7494621872901917,TCOD F2B,0.4010199246307214
2,0.3402029722929001,TCOD F2B,0.38743964795555386
3,0.35120589286088943,TCOD F2B,0.36390536464750767
4,0.3186613917350769,TCOD F2B,0.34704728148601677
5,0.32645703852176666,TCOD F2B,0.3326304311553637
6,0.3201300650835037,TCOD F2B,0.32087521119551227
7,0.30595798790454865,TCOD F2B,0.27074549460049835
8,0.19916538149118423,TCOD F2B,0.2570373248873335
9,0.21218261619408926,TCOD F2B,0.240507290670366
10,0.2028787781794866,TCOD F2B,0.2269437380812385
11,0.2033230115969976,TCOD F2B,0.2136134873285438
12,0.19803530474503836,TCOD F2B,0.20066122281731982
13,0.18941310544808707,TCOD F2B,0.19090859591960907
14,0.16937551647424698,TCOD F2B,0.1838816088539633
15,0.16946231325467428,TCOD F2B,0.17544419103951167
16,0.17982428024212518,TCOD F2B,0.17020581278837088
17,0.17765515546003977,TCOD F2B,0.16225397479579307
18,0.19867909202973047,TCOD F2B,0.1564743405377323
19,0.12186852376908064,TCOD F2B,0.15352703196307022
20,0.11937102023512125,TCOD F2B,0.14738599072690262
21,0.14525661741693816,TCOD F2B,0.14183658736786156
22,0.11585279367864132,TCOD F2B,0.13539396359049008
23,0.13445932790637016,TCOD F2B,0.12795997665009715
24,0.15699271112680435,TCOD F2B,0.12040739881834299
25,0.10182406287640333,TCOD F2B,0.11923999968690403
26,0.10841887630522251,TCOD F2B,0.11831858824712761
27,0.10895541869103909,TCOD F2B,0.11304961654611607
28,0.09588129911571741,TCOD F2B,0.1123636260120706
29,0.11560073588043451,TCOD F2B,0.10733680377968331
30,0.1090271333232522,TCOD F2B,0.10155817156826906
31,0.10923549439758062,TCOD F2B,0.0995033434168859
32,0.0872979287058115,TCOD F2B,0.098294899714264
33,0.10830689780414104,TCOD F2B,0.09532400007275017
34,0.07916428335011005,TCOD F2B,0.09243450437418438
35,0.0934277568012476,TCOD F2B,0.08802012611519207
36,0.07922095321118831,TCOD F2B,0.08430340383201838
37,0.09512599557638168,TCOD F2B,0.08052001341500065
38,0.07627552263438701,TCOD F2B,0.079829855364832
39,0.06409684643149376,TCOD F2B,0.07519165792812904
40,0.06704257503151893,TCOD F2B,0.07492968105344157
41,0.0681431882083416,TCOD F2B,0.07308887968573606
42,0.0676181998103857,TCOD F2B,0.07190456238547058
43,0.07970619015395641,TCOD F2B,0.06920082535820476
44,0.05728672600040833,TCOD F2B,0.0665689892841108
45,0.07628253772854805,TCOD F2B,0.0646743467021169
46,0.0731789417564869,TCOD F2B,0.06506665455120983
47,0.06619346290826797,TCOD F2B,0.06437989457538634
48,0.06538488827645779,TCOD F2B,0.06302119819729618
49,0.04732532581935326,TCOD F2B,0.060708199706718785
50,0.04325577802956104,TCOD F2B,0.0606984292806098
51,0.07135796137154102,TCOD F2B,0.05848500375269038
52,0.06058882847428322,TCOD F2B,0.05636227223457712
53,0.05267253965139389,TCOD F2B,0.053649215147632996
54,0.05426320675760508,TCOD F2B,0.053455561146873866
55,0.057179251313209535,TCOD F2B,0.05309071569759963
56,0.0519348569214344,TCOD F2B,0.054554191114606736
57,0.04982889505724112,TCOD F2B,0.05202545003937275
58,0.03634983495188256,TCOD F2B,0.05003165942697394
59,0.06325469426810741,TCOD F2B,0.050333810441832966
60,0.04331202587733666,TCOD F2B,0.04887780002398956
61,0.059354007616639136,TCOD F2B,0.047998094004961904
62,0.04354180954396725,TCOD F2B,0.04689624400918264
63,0.03865713173789637,TCOD F2B,0.04641911493779616
64,0.055996200814843175,TCOD F2B,0.04803699931266891
65,0.0382470921613276,TCOD F2B,0.04605910925585696
66,0.0475024851039052,TCOD F2B,0.04667102305553208
67,0.03981450696786245,TCOD F2B,0.04495238853614471
68,0.044580475271989904,TCOD F2B,0.04442142772173823
69,0.054146563075482844,TCOD F2B,0.04480583626692268
70,0.04149790364317596,TCOD F2B,0.04263075411700728
71,0.05004307767376304,TCOD F2B,0.04326144490376905
72,0.04044902790337801,TCOD F2B,0.04341282456421829
73,0.03770124058549603,TCOD F2B,0.04352311011276801
74,0.04288562573492527,TCOD F2B,0.04396260365434555
75,0.03207029716577381,TCOD F2B,0.04335377172242399
76,0.04518469081570705,TCOD F2B,0.04176760685450732
77,0.04916766136884689,TCOD F2B,0.03843636367941483
78,0.04102764800190926,TCOD F2B,0.03630603106721747
79,0.049414904229342936,TCOD F2B,0.03336818981514642
80,0.04744941182434559,TCOD F2B,0.03111731104088177
81,0.02405009009609265,TCOD F2B,0.029678601290044394
82,0.013399402747745625,TCOD F2B,0.02751621286526963
83,0.01701536916920708,TCOD F2B,0.024106577672787587
84,0.005384986812714487,TCOD F2B,0.022054312249141218
85,0.01812595921801403,TCOD F2B,0.018484184034700916
86,0.0162444899065627,TCOD F2B,0.015227913189468832
87,0.021398418143184647,TCOD F2B,0.017008938192844582
88,0.011661674251544437,TCOD F2B,0.01791730052093004
89,0.01845272834179923,TCOD F2B,0.017314823766537635
90,0.010143493870499596,TCOD F2B,0.017906313746496427
91,0.011630432526792654,TCOD F2B,0.017704125811034546
92,0.04364136513322592,TCOD F2B,0.018488846195253365
93,0.02339138835668564,TCOD F2B,0.01804834310741318
94,0.010388124870890655,TCOD F2B,0.020101419673998453
95,0.01189137659226121,TCOD F2B,0.020921011287327627
96,0.015901891927933322,TCOD F2B,0.020676434274872788
97,0.02487641413296972,TCOD F2B,0.021777789105857724
98,0.016552884176942624,TCOD F2B,0.021365022741369987
99,0.034245516483982406,TCOD F2B,0.020679590168499726
100,0.027468236088420132,TCOD F2B,0.021723919660594747
101,0.007453146733496396,TCOD F2B,0.02300672234987924
102,0.023745335667626932,TCOD F2B,0.022383968633995808
103,0.039100935123860835,TCOD F2B,0.022338908796562643
104,0.015851630055112764,TCOD F2B,0.022710788982902522
105,0.021875749283935875,TCOD F2B,0.020421001733806975
106,0.026002206174390658,TCOD F2B,0.018614957821880843
107,0.009051601053215563,TCOD F2B,0.019821125841016234
108,0.024380755921204884,TCOD F2B,0.019343874308648604
109,0.020643566226681287,TCOD F2B,0.019280451292116706
110,0.009057856743931387,TCOD F2B,0.018638423042016863
111,0.007601753057232682,TCOD F2B,0.019342499315426007
112,0.020720994943985716,TCOD F2B,0.020738968453504883
113,0.018495568811583023,TCOD F2B,0.020785899665014398
114,0.038403281942009926,TCOD F2B,0.021130694148474658
115,0.008789319304014498,TCOD F2B,0.02098301608549317
116,0.029620588291436434,TCOD F2B,0.021765173115639434
117,0.04136336669325828,TCOD F2B,0.025180477144892275
118,0.009567844379820268,TCOD F2B,0.025146471795852943
119,0.028173495239267748,TCOD F2B,0.02443615569188118
120,0.0190191075338849,TCOD F2B,0.02279564214047181
121,0.017661584075540304,TCOD F2B,0.023678271922584725
122,0.045170097379013896,TCOD F2B,0.022325383338861682
123,0.020346936104553088,TCOD F2B,0.019908900610209706
124,0.01068209166789364,TCOD F2B,0.021754691117300714
125,0.020357632876506875,TCOD F2B,0.019713810834568277
126,0.018498246907256544,TCOD F2B,0.020356062099017344
127,0.014738813870482974,TCOD F2B,0.019774363710328247
128,0.01478205667808652,TCOD F2B,0.01671443631185031
129,0.02987153995782137,TCOD F2B,0.016397762243691404
130,0.0057238121292109345,TCOD F2B,0.017681364524040115
131,0.0260838714428246,TCOD F2B,0.017587522840678674
132,0.011262901799960269,TCOD F2B,0.017032255484257894
133,0.01151089599575657,TCOD F2B,0.01828835703827296
134,0.016863521354805146,TCOD F2B,0.017548235563636466
135,0.024801716751729447,TCOD F2B,0.01643302284501896
136,0.01932537435953106,TCOD F2B,0.017814099144895054
137,0.012390305986627936,TCOD F2B,0.01652816653707327
138,0.028555930964648722,TCOD F2B,0.018994448521225185
139,0.006640720457085081,TCOD F2B,0.020153719741278824
140,0.017604200053028762,TCOD F2B,0.01908847696732296
141,0.020915651427847997,TCOD F2B,0.017816575198768815
142,0.011938612756785006,TCOD F2B,0.018087183033652268
143,0.03839200362563133,TCOD F2B,0.017405571484122216
144,0.02426287941634655,TCOD F2B,0.015511453135962154
145,0.005145850841290667,TCOD F2B,0.01687099415233069
146,0.010810797297633852,TCOD F2B,0.01591204234521546
147,0.022302060543249052,TCOD F2B,0.015599893673231174
148,0.004892578941797348,TCOD F2B,0.015561473719080515
149,0.007720629134888036,TCOD F2B,0.013743772546319573
150,0.021595671637138974,TCOD F2B,0.014636257581056295
151,0.007055730174761266,TCOD F2B,0.017197968756562435
152,0.01748201603602086,TCOD F2B,0.017387702785484724
153,0.011515993261127733,TCOD F2B,0.016673357184174006
154,0.018397290725260973,TCOD F2B,0.019751654143656355
155,0.03408021479845047,TCOD F2B,0.019938393181441107
156,0.033324673771858215,TCOD F2B,0.019916645116593277
157,0.012897871615779068,TCOD F2B,0.02117526743695687
158,0.014444258928831135,TCOD F2B,0.020348885944514096
159,0.03875384549610317,TCOD F2B,0.020187280446497466
160,0.009774758550520346,TCOD F2B,0.02181013852276915
161,0.021356442923812818,TCOD F2B,0.020057044590024442
162,0.020900575698760804,TCOD F2B,0.018468714042332246
163,0.008391819619150325,TCOD F2B,0.020017872514608417
164,0.00973833278294478,TCOD F2B,0.019504997491473733
165,0.036248729564249516,TCOD F2B,0.018718361454060365
166,0.01479618153825868,TCOD F2B,0.020788639986592892
167,0.01585303774724404,TCOD F2B,0.019503107362237964
168,0.029938614810816944,TCOD F2B,0.020334926340926433
169,0.008802633674349636,TCOD F2B,0.02159585007447635
170,0.030100849084556104,TCOD F2B,0.021647566726318877
171,0.03254782240837813,TCOD F2B,0.019690960932890415
172,0.0072155840559086455,TCOD F2B,0.02123211546371051
173,0.03005058446433395,TCOD F2B,0.02106536305012501
174,0.0222619806881994,TCOD F2B,0.019362575745806753
175,0.010307215953212613,TCOD F2B,0.01991704583945544
176,0.014726065836536387,TCOD F2B,0.020204187291406217
177,0.031748881377279756,TCOD F2B,0.018695521111734167
178,0.014018761197803542,TCOD F2B,0.02129400967664058
179,0.011207954463316128,TCOD F2B,0.02113853487441543
180,0.014901804704485195,TCOD F2B,0.021691787229780345
181,0.03325940505601466,TCOD F2B,0.02172313046801845
182,0.015952494431985542,TCOD F2B,0.022408812768863553
183,0.03579895826987922,TCOD F2B,0.022195570006395476
184,0.028340361639857294,TCOD F2B,0.022211687313477804
185,0.028347756597213447,TCOD F2B,0.023756644206566434
186,0.010651991573831765,TCOD F2B,0.02545985779242156
187,0.022268571145832538,TCOD F2B,0.02352859771117437
188,0.0294032109901309,TCOD F2B,0.0243640225447879
189,0.014196051575709134,TCOD F2B,0.023126209597475366
190,0.02820248028729111,TCOD F2B,0.02189052193734942
191,0.03363715414889157,TCOD F2B,0.020926695694769085
192,0.012015544162295555,TCOD F2B,0.021739853191999604
193,0.0251421676017344,TCOD F2B,0.02078799588487811
194,0.02218301584944129,TCOD F2B,0.019245836701963538
195,0.014747797378471919,TCOD F2B,0.021970047153193607
196,0.01774566792882979,TCOD F2B,0.020794583692021626
197,0.01959672404336743,TCOD F2B,0.020148966393747747
198,0.01179814076749608,TCOD F2B,0.020170860707948088
199,0.012439459978070642,TCOD F2B,0.019062741363976198
200,0.04416236653923988,TCOD F2B,0.01791648635094504
201,0.01527238221439932,TCOD F2B,0.01811491956593713
202,0.026535363867878914,TCOD F2B,0.017316868872076428
203,0.01225638161849929,TCOD F2B,0.016895395294676548
204,0.01295285481804361,TCOD F2B,0.01710581947618114
205,0.00957421070609854,TCOD F2B,0.016884743603634535
206,0.016930562743384923,TCOD F2B,0.013610019221413474
207,0.00896711029636208,TCOD F2B,0.014563599058470683
208,0.01496051469196876,TCOD F2B,0.013492078503577093
209,0.014112806764046582,TCOD F2B,0.013744083662876362
210,0.010007625380058015,TCOD F2B,0.013812795778135921
211,0.008140398334808197,TCOD F2B,0.014884437400507338
212,0.0257617604220286,TCOD F2B,0.014439666640276532
213,0.014748637764049428,TCOD F2B,0.016728644902181403
214,0.015028438370791264,TCOD F2B,0.0179149454087145
215,0.013708688085898757,TCOD F2B,0.018431981431805328
216,0.021362268552184104,TCOD F2B,0.01885560348419231
217,0.012038084380846057,TCOD F2B,0.020027028515173625
218,0.03414587117731571,TCOD F2B,0.018448056386919622
219,0.028009820263832808,TCOD F2B,0.01840207631710912
220,0.019800203018045675,TCOD F2B,0.01863394171026573
221,0.014667467956314795,TCOD F2B,0.01933040731613562
222,0.021026073675602674,TCOD F2B,0.018914439236084376
223,0.008393067011234557,TCOD F2B,0.018976608767252465
224,0.014242856996133924,TCOD F2B,0.017950798759230547
225,0.017578957695513965,TCOD F2B,0.01595245166840048
226,0.02136980975046754,TCOD F2B,0.014557947767131497
227,0.01678661967162043,TCOD F2B,0.016264714955442548
228,0.012721949223695057,TCOD F2B,0.015156210876514802
229,0.022861961089074612,TCOD F2B,0.016680841041615133
230,0.006028002264702082,TCOD F2B,0.017174251351730455
231,0.004460660104086855,TCOD F2B,0.016519284846330643
232,0.033441907027736306,TCOD F2B,0.016984461189740497
233,0.008832528807397466,TCOD F2B,0.018322441353362806
234,0.02516399882733822,TCOD F2B,0.018186020987534655
235,0.019670370407402514,TCOD F2B,0.017558238099586145
236,0.010374326136115997,TCOD F2B,0.01867381134685054
237,0.026486749527975917,TCOD F2B,0.01898514328904915
238,0.031504401471465826,TCOD F2B,0.016715951372033386
239,0.011221325199585408,TCOD F2B,0.01732303082464692
240,0.015956349321641028,TCOD F2B,0.015917705596458612
241,0.018299307984610397,TCOD F2B,0.016527819140424893
242,0.007885311468271539,TCOD F2B,0.018541769590926207
243,0.008480795940562934,TCOD F2B,0.017798867255735474
244,0.015510402786146318,TCOD F2B,0.015632909470580734
245,0.009705421317266882,TCOD F2B,0.015194549109833215
246,0.026381619391031563,TCOD F2B,0.015118369088652434
247,0.03252778109163046,TCOD F2B,0.014764931433545993
248,0.01831482384087784,TCOD F2B,0.015624883929205299
249,0.0076788658347636965,TCOD F2B,0.01664546792758278
250,0.006399361231362693,TCOD F2B,0.01683464545115552
1,0.1356643484905362,Adaptive v1 (tau=0.1),0.06664502796801654
2,0.10842733904719352,Adaptive v1 (tau=0.1),0.05990525862984198
3,0.04979532561264932,Adaptive v1 (tau=0.1),0.05941087229961521
4,0.02567047420465811,Adaptive v1 (tau=0.1),0.055411141089953486
5,0.04511301778256893,Adaptive v1 (tau=0.1),0.05209697849820751
6,0.035199662670493126,Adaptive v1 (tau=0.1),0.054482328240579705
7,0.019466642600794632,Adaptive v1 (tau=0.1),0.05122982569283336
8,0.05595016798802784,Adaptive v1 (tau=0.1),0.04374566942062859
9,0.023413291412659666,Adaptive v1 (tau=0.1),0.04077636096389309
10,0.022269515172493728,Adaptive v1 (tau=0.1),0.0431046002778587
11,0.07833582566430171,Adaptive v1 (tau=0.1),0.04246772829846556
12,0.0998868204653263,Adaptive v1 (tau=0.1),0.04429796400266463
13,0.026101620052941144,Adaptive v1 (tau=0.1),0.045442184133276775
14,0.017132932588558768,Adaptive v1 (tau=0.1),0.042320618882379216
15,0.051281106658279896,Adaptive v1 (tau=0.1),0.04184046180296472
16,0.03810742600924439,Adaptive v1 (tau=0.1),0.04336725241340233
17,0.05533225541668279,Adaptive v1 (tau=0.1),0.03921945586043539
18,0.032053064037528306,Adaptive v1 (tau=0.1),0.03411722917320299
19,0.02161295022815466,Adaptive v1 (tau=0.1),0.03463800762550203
20,0.01813156353910017,Adaptive v1 (tau=0.1),0.0370274765258019
21,0.039064211887307465,Adaptive v1 (tau=0.1),0.03342922865873267
22,0.03271006358166536,Adaptive v1 (tau=0.1),0.031498042609063456
23,0.04376232690576996,Adaptive v1 (tau=0.1),0.02783695901394606
24,0.03183018302823055,Adaptive v1 (tau=0.1),0.027090926163919005
25,0.04341709049185738,Adaptive v1 (tau=0.1),0.02655231389008309
26,0.011700380120518357,Adaptive v1 (tau=0.1),0.02673935571906338
27,0.016864379462883033,Adaptive v1 (tau=0.1),0.023949174636386995
28,0.015060335870391451,Adaptive v1 (tau=0.1),0.02502096857880493
29,0.023846702687230638,Adaptive v1 (tau=0.1),0.02342194678095562
30,0.015688215215959644,Adaptive v1 (tau=0.1),0.024614496894847116
31,0.020189023657883352,Adaptive v1 (tau=0.1),0.022696717898985395
32,0.008372219977867227,Adaptive v1 (tau=0.1),0.02417319133546703
33,0.04449979694826262,Adaptive v1 (tau=0.1),0.027261512401073055
34,0.026173087129427584,Adaptive v1 (tau=0.1),0.026732439653815422
35,0.044948234281037,Adaptive v1 (tau=0.1),0.025683552227005548
36,0.02232152153737843,Adaptive v1 (tau=0.1),0.026619632127114302
37,0.027941587921816335,Adaptive v1 (tau=0.1),0.02690759207458142
38,0.05083591118454933,Adaptive v1 (tau=0.1),0.030127266304085375
39,0.009240535650557527,Adaptive v1 (tau=0.1),0.028970375834070895
40,0.012308940992321974,Adaptive v1 (tau=0.1),0.028752578832114826
41,0.02598509411715592,Adaptive v1 (tau=0.1),0.02585992924616218
42,0.023356583080021663,Adaptive v1 (tau=0.1),0.02805251704651033
43,0.04378863650241068,Adaptive v1 (tau=0.1),0.027127009296095052
44,0.03177400177810341,Adaptive v1 (tau=0.1),0.02495166390479657
45,0.023777320107910782,Adaptive v1 (tau=0.1),0.026501648627646344
46,0.013129088835557922,Adaptive v1 (tau=0.1),0.028206487119444453
47,0.04643998734120812,Adaptive v1 (tau=0.1),0.027434775537505895
48,0.017761002667248248,Adaptive v1 (tau=0.1),0.030349215202596015
49,0.026907111880266003,Adaptive v1 (tau=0.1),0.028348832871582873
50,0.026290367601905017,Adaptive v1 (tau=0.1),0.028642685882432104
51,0.03106216440210119,Adaptive v1 (tau=0.1),0.027464144289233272
52,0.0174962667158318,Adaptive v1 (tau=0.1),0.028336829022127683
53,0.05541541939601302,Adaptive v1 (tau=0.1),0.02791231038515558
54,0.02178443086126612,Adaptive v1 (tau=0.1),0.029094982450647792
55,0.03500638489744493,Adaptive v1 (tau=0.1),0.02850294757461079
56,0.010813362582723585,Adaptive v1 (tau=0.1),0.02779884754024651
57,0.022728620897396468,Adaptive v1 (tau=0.1),0.029132286308146883
58,0.041770282334515026,Adaptive v1 (tau=0.1),0.03107943044702117
59,0.030770395387662575,Adaptive v1 (tau=0.1),0.02809131775772895
60,0.020394728243858976,Adaptive v1 (tau=0.1),0.029169249590058254
61,0.018545267223897908,Adaptive v1 (tau=0.1),0.026805899440521253
62,0.04572999084900532,Adaptive v1 (tau=0.1),0.028536715717337482
63,0.038914852243449004,Adaptive v1 (tau=0.1),0.029261308578601833
64,0.022546179813798518,Adaptive v1 (tau=0.1),0.027703225720353473
65,0.03364168101688847,Adaptive v1 (tau=0.1),0.02761869252410543
66,0.009009533252537949,Adaptive v1 (tau=0.1),0.02840305412932714
67,0.029852341627702117,Adaptive v1 (tau=0.1),0.028774630724176662
68,0.030699142371304333,Adaptive v1 (tau=0.1),0.028219919127950775
69,0.02463137089378304,Adaptive v1 (tau=0.1),0.027133978337920736
70,0.02984053022893412,Adaptive v1 (tau=0.1),0.027299514330630655
71,0.02902270590129774,Adaptive v1 (tau=0.1),0.02942694702363831
72,0.022632609767242684,Adaptive v1 (tau=0.1),0.03148129809504474
73,0.03962816329052051,Adaptive v1 (tau=0.1),0.03117555427052349
74,0.026969503553118557,Adaptive v1 (tau=0.1),0.032505529871837406
75,0.024367075733607635,Adaptive v1 (tau=0.1),0.031915598173607
76,0.05704344063997269,Adaptive v1 (tau=0.1),0.03230112706583124
77,0.03160739503800869,Adaptive v1 (tau=0.1),0.0319124594923668
78,0.026489159557968378,Adaptive v1 (tau=0.1),0.03600638786558579
79,0.04532887398575743,Adaptive v1 (tau=0.1),0.034259266131012926
80,0.018142122213248513,Adaptive v1 (tau=0.1),0.03322617920336294
81,0.034081348043400794,Adaptive v1 (tau=0.1),0.03408429695216169
82,0.024747362593188882,Adaptive v1 (tau=0.1),0.030739147950683575
83,0.06766582187265158,Adaptive v1 (tau=0.1),0.031780705943294546
84,0.020409824210219085,Adaptive v1 (tau=0.1),0.030575060164929956
85,0.015605547348968685,Adaptive v1 (tau=0.1),0.02973515690567519
86,0.03380637097039393,Adaptive v1 (tau=0.1),0.029335091218149145
87,0.020246801623713395,Adaptive v1 (tau=0.1),0.027694317492574946
88,0.04306453295672933,Adaptive v1 (tau=0.1),0.03136965967020848
89,0.013227055995957925,Adaptive v1 (tau=0.1),0.02736071704785575
90,0.036089938133955,Adaptive v1 (tau=0.1),0.026728024449926144
91,0.013741399650461972,Adaptive v1 (tau=0.1),0.02903796738331826
92,0.01603283706208458,Adaptive v1 (tau=0.1),0.027215599409379312
93,0.06517612654715776,Adaptive v1 (tau=0.1),0.026696109439946603
94,0.023567453026771545,Adaptive v1 (tau=0.1),0.02818815829355981
95,0.013450205632993444,Adaptive v1 (tau=0.1),0.03205103758073616
96,0.04101491961628199,Adaptive v1 (tau=0.1),0.03257454960663611
97,0.013760323257065466,Adaptive v1 (tau=0.1),0.03697853619162394
98,0.014532411959953606,Adaptive v1 (tau=0.1),0.04002618679444474
99,0.05947707034647465,Adaptive v1 (tau=0.1),0.03470946567344468
100,0.05571872815489769,Adaptive v1 (tau=0.1),0.033352977870749194
101,0.04184857041885456,Adaptive v1 (tau=0.1),0.03586827134822945
102,0.0621852520853281,Adaptive v1 (tau=0.1),0.034548233584808824
103,0.049556993693113324,Adaptive v1 (tau=0.1),0.03490204509676251
104,0.006692194216157077,Adaptive v1 (tau=0.1),0.035403852556223254
105,0.008646087197121233,Adaptive v1 (tau=0.1),0.03159568217779284
106,0.04111843388527632,Adaptive v1 (tau=0.1),0.03043863359611679
107,0.026494504218654975,Adaptive v1 (tau=0.1),0.02878362465642526
108,0.01765224988855607,Adaptive v1 (tau=0.1),0.026056440110160527
109,0.020052294014021754,Adaptive v1 (tau=0.1),0.02471083457151053
110,0.01758719618374016,Adaptive v1 (tau=0.1),0.027662853254421613
111,0.04299119375646114,Adaptive v1 (tau=0.1),0.03078826269451673
112,0.02364347208224769,Adaptive v1 (tau=0.1),0.02872798664019914
113,0.03218622207641601,Adaptive v1 (tau=0.1),0.02746076613394073
114,0.03475533276796341,Adaptive v1 (tau=0.1),0.026654523123817896
115,0.03916439972817898,Adaptive v1 (tau=0.1),0.02746571632567814
116,0.04302559103816748,Adaptive v1 (tau=0.1),0.027045023159995518
117,0.018455397287782813,Adaptive v1 (tau=0.1),0.024605201675475672
118,0.012555078649812559,Adaptive v1 (tau=0.1),0.025762493218952152
119,0.008783576777204871,Adaptive v1 (tau=0.1),0.02684446007324539
120,0.028975419234484434,Adaptive v1 (tau=0.1),0.027173575149913275
121,0.012959571361231307,Adaptive v1 (tau=0.1),0.02742200307605267
122,0.016153157426742837,Adaptive v1 (tau=0.1),0.024906597636986504
123,0.03637367906048894,Adaptive v1 (tau=0.1),0.02464863241527722
124,0.044087857473641634,Adaptive v1 (tau=0.1),0.027525751408327116
125,0.038375598611310124,Adaptive v1 (tau=0.1),0.029721156644518486
126,0.04189710691571236,Adaptive v1 (tau=0.1),0.028606456623211585
127,0.015356131208439669,Adaptive v1 (tau=0.1),0.028626885194909954
128,0.015617779848980717,Adaptive v1 (tau=0.1),0.03044459241121358
129,0.0442033875733614,Adaptive v1 (tau=0.1),0.028295179057221675
130,0.03293303437530994,Adaptive v1 (tau=0.1),0.026727763862635756
131,0.01671371900010854,Adaptive v1 (tau=0.1),0.02433737337904206
132,0.013184285649913363,Adaptive v1 (tau=0.1),0.023620498495108565
133,0.03614793680608273,Adaptive v1 (tau=0.1),0.026292625279916368
134,0.012730132166577986,Adaptive v1 (tau=0.1),0.02667610634243645
135,0.02684629033319652,Adaptive v1 (tau=0.1),0.024910138360715938
136,0.012081303291779477,Adaptive v1 (tau=0.1),0.02321953741516751
137,0.03401148319244385,Adaptive v1 (tau=0.1),0.023209773719010642
138,0.04474952584132552,Adaptive v1 (tau=0.1),0.024692788908307214
139,0.019836071536701638,Adaptive v1 (tau=0.1),0.025109391119549584
140,0.02477773977443576,Adaptive v1 (tau=0.1),0.02587770371337342
141,0.014336423974277245,Adaptive v1 (tau=0.1),0.02664240374716004
142,0.01660631834238302,Adaptive v1 (tau=0.1),0.0286626655536118
143,0.029497452732175588,Adaptive v1 (tau=0.1),0.0266415717375043
144,0.04073056112974882,Adaptive v1 (tau=0.1),0.02582487295874495
145,0.021181570698640177,Adaptive v1 (tau=0.1),0.02599411490362499
146,0.03525799070484936,Adaptive v1 (tau=0.1),0.025210621631750533
147,0.034304183162748816,Adaptive v1 (tau=0.1),0.026555727691285367
148,0.01177945121526136,Adaptive v1 (tau=0.1),0.02863063575030166
149,0.03576583927497268,Adaptive v1 (tau=0.1),0.02680549517146239
150,0.02169773293038209,Adaptive v1 (tau=0.1),0.026269004939709996
151,0.016159313783816742,Adaptive v1 (tau=0.1),0.025784436479724292
152,0.029132590629160404,Adaptive v1 (tau=0.1),0.02357073491705406
153,0.03943030699156225,Adaptive v1 (tau=0.1),0.022356560033105932
154,0.009420906364943625,Adaptive v1 (tau=0.1),0.023262627566558867
155,0.03482916858047247,Adaptive v1 (tau=0.1),0.020506921541874643
156,0.015851317638797418,Adaptive v1 (tau=0.1),0.020732093807109865
157,0.010907273515476846,Adaptive v1 (tau=0.1),0.020486086191379448
158,0.020948259439319373,Adaptive v1 (tau=0.1),0.01898054750461544
159,0.02174619408324361,Adaptive v1 (tau=0.1),0.01835056469939723
160,0.0054530730034462686,Adaptive v1 (tau=0.1),0.019234523070038406
161,0.024174627847969532,Adaptive v1 (tau=0.1),0.018398321770040513
162,0.013453230010782136,Adaptive v1 (tau=0.1),0.019345347003670233
163,0.012571665074756311,Adaptive v1 (tau=0.1),0.020777838067117475
164,0.03250049613416195,Adaptive v1 (tau=0.1),0.01961965658166737
165,0.01914444844199655,Adaptive v1 (tau=0.1),0.018955451540458704
166,0.025630954280495645,Adaptive v1 (tau=0.1),0.019948312882532272
167,0.02626859520872434,Adaptive v1 (tau=0.1),0.018845067514405452
168,0.02666467521339655,Adaptive v1 (tau=0.1),0.019773384494006577
169,0.008208263099368196,Adaptive v1 (tau=0.1),0.020580222692818242
170,0.014439938629948301,Adaptive v1 (tau=0.1),0.018848034762471863
171,0.016374547766255482,Adaptive v1 (tau=0.1),0.017902988309824033
172,0.012038928798574489,Adaptive v1 (tau=0.1),0.01750515168966662
173,0.023664716786394518,Adaptive v1 (tau=0.1),0.01598862474492797
174,0.021446885261684655,Adaptive v1 (tau=0.1),0.01529997455116266
175,0.013446428900351748,Adaptive v1 (tau=0.1),0.015534135395507753
176,0.008748937462870445,Adaptive v1 (tau=0.1),0.015822147821454777
177,0.021254751458764078,Adaptive v1 (tau=0.1),0.015883201011496446
178,0.009586798816599185,Adaptive v1 (tau=0.1),0.016124153962406667
179,0.01908952308197816,Adaptive v1 (tau=0.1),0.014809485394935595
180,0.010784032387164189,Adaptive v1 (tau=0.1),0.015545511584253803
181,0.017608075315365568,Adaptive v1 (tau=0.1),0.016742307633892877
182,0.017046132856713875,Adaptive v1 (tau=0.1),0.01832439027827065
183,0.014689411258586915,Adaptive v1 (tau=0.1),0.019666499843639756
184,0.009203362544212723,Adaptive v1 (tau=0.1),0.021620337985049923
185,0.029543173344184954,Adaptive v1 (tau=0.1),0.020667841164645304
186,0.02661118544638157,Adaptive v1 (tau=0.1),0.02195318818494382
187,0.02615184655102591,Adaptive v1 (tau=0.1),0.021555900118764404
188,0.03601795667782426,Adaptive v1 (tau=0.1),0.022221849557402522
189,0.031079018372111022,Adaptive v1 (tau=0.1),0.022170545371422185
190,0.008612058057527369,Adaptive v1 (tau=0.1),0.023204087153688314
191,0.024922849610447884,Adaptive v1 (tau=0.1),0.020945582297822285
192,0.01323790658739199,Adaptive v1 (tau=0.1),0.021429765593028876
193,0.02437157668173313,Adaptive v1 (tau=0.1),0.022066729408824075
194,0.014125065212803227,Adaptive v1 (tau=0.1),0.019599632595029587
195,0.020572322149140138,Adaptive v1 (tau=0.1),0.01961510187357716
196,0.004699619929658639,Adaptive v1 (tau=0.1),0.02115102260233012
197,0.03193720169365406,Adaptive v1 (tau=0.1),0.020044777988564376
198,0.03315844852477312,Adaptive v1 (tau=0.1),0.021267842040413307
199,0.00887989172608488,Adaptive v1 (tau=0.1),0.020948934999987984
200,0.03124918043613434,Adaptive v1 (tau=0.1),0.021061726161657718
201,0.025507186073809862,Adaptive v1 (tau=0.1),0.021651136521558388
202,0.012754158859024756,Adaptive v1 (tau=0.1),0.023414946376961055
203,0.026691611157730222,Adaptive v1 (tau=0.1),0.02262601066704703
204,0.020863599237054588,Adaptive v1 (tau=0.1),0.021172425880260307
205,0.015365767991170287,Adaptive v1 (tau=0.1),0.021271652956651947
206,0.027055836108047515,Adaptive v1 (tau=0.1),0.020464497668912042
207,0.024101528339087963,Adaptive v1 (tau=0.1),0.0197186641516421
208,0.023258908884599805,Adaptive v1 (tau=0.1),0.020408111137289603
209,0.017169015870119136,Adaptive v1 (tau=0.1),0.018940768934857993
210,0.009971389566392949,Adaptive v1 (tau=0.1),0.018538659107979312
211,0.022370472270995378,Adaptive v1 (tau=0.1),0.018918795303380212
212,0.017303017383840467,Adaptive v1 (tau=0.1),0.019319558832267394
213,0.020338075701147318,Adaptive v1 (tau=0.1),0.01889375871559112
214,0.010550846930982516,Adaptive v1 (tau=0.1),0.018489171094721844
215,0.016440391141389097,Adaptive v1 (tau=0.1),0.01938309150779917
216,0.019547266140580177,Adaptive v1 (tau=0.1),0.020159543264398335
217,0.03146423492580652,Adaptive v1 (tau=0.1),0.02022346849239531
218,0.019417727055648964,Adaptive v1 (tau=0.1),0.019792220734441927
219,0.01880844505503774,Adaptive v1 (tau=0.1),0.019563444995063163
220,0.027002140413969755,Adaptive v1 (tau=0.1),0.01950764838380974
221,0.018512358888983727,Adaptive v1 (tau=0.1),0.020885273980313673
222,0.023073649778962136,Adaptive v1 (tau=0.1),0.020938431104304708
223,0.012559292046353221,Adaptive v1 (tau=0.1),0.019260528990531437
224,0.017821542567980943,Adaptive v1 (tau=0.1),0.020418369520947718
225,0.009937084207194857,Adaptive v1 (tau=0.1),0.021187004722808277
226,0.03159427270293236,Adaptive v1 (tau=0.1),0.020320296788330392
227,0.020131994504481554,Adaptive v1 (tau=0.1),0.02051683925218841
228,0.013007311674300581,Adaptive v1 (tau=0.1),0.019189177055489073
229,0.03215397289022803,Adaptive v1 (tau=0.1),0.018343029810486543
230,0.027263432275503874,Adaptive v1 (tau=0.1),0.01871681821083334
231,0.017468353134713004,Adaptive v1 (tau=0.1),0.019396277614874904
232,0.020674325991421938,Adaptive v1 (tau=0.1),0.017247173849135856
233,0.008469365615269453,Adaptive v1 (tau=0.1),0.0189217667674289
234,0.0032516723513253964,Adaptive v1 (tau=0.1),0.019555653749198505
235,0.021933214971795678,Adaptive v1 (tau=0.1),0.017133409905831447
236,0.017411137651652097,Adaptive v1 (tau=0.1),0.015815816333395943
237,0.007954131279802823,Adaptive v1 (tau=0.1),0.016442882963830622
238,0.03855251660570502,Adaptive v1 (tau=0.1),0.01586848605727699
239,0.01998006847376625,Adaptive v1 (tau=0.1),0.015944525798996037
240,0.005509290613190387,Adaptive v1 (tau=0.1),0.017262389786453173
241,0.012769902978713313,Adaptive v1 (tau=0.1),0.01618475533834963
242,0.024366086069494485,Adaptive v1 (tau=0.1),0.017074019294479856
243,0.014355960019331957,Adaptive v1 (tau=0.1),0.01848747894457584
244,0.009305802774179028,Adaptive v1 (tau=0.1),0.01624511246212051
245,0.017748176213353874,Adaptive v1 (tau=0.1),0.015843725173765436
246,0.010079236042656703,Adaptive v1 (tau=0.1),0.016877168629822942
247,0.02719304116908461,Adaptive v1 (tau=0.1),0.01733353147994623
248,0.023502187430858613,Adaptive v1 (tau=0.1),0.0164544621562527
249,0.013886485298696374,Adaptive v1 (tau=0.1),0.016754248175812808
250,0.015564808301860467,Adaptive v1 (tau=0.1),0.017995655742751773
