method,explorer_batch,trajectory_count,model_version_mean,matched_done_reward,audited_task_success,matched_done_reward_smooth,matched_done_reward_cumulative,audited_task_success_smooth,audited_task_success_cumulative
Vanilla OPD,1,16,0.0,0.0625,,0.0875,0.0625,,
Vanilla OPD,2,16,0.0,0.0625,,0.09375,0.0625,,
Vanilla OPD,3,16,2.0,0.125,,0.08035714285714286,0.08333333333333333,,
Vanilla OPD,4,16,3.0,0.125,,0.0859375,0.09375,,
Vanilla OPD,5,16,5.0,0.0625,,0.09722222222222222,0.0875,,
Vanilla OPD,6,16,6.0,0.125,,0.1111111111111111,0.09375,,
Vanilla OPD,7,16,8.0,0.0,,0.1111111111111111,0.08035714285714286,,
Vanilla OPD,8,16,9.0,0.125,,0.10416666666666667,0.0859375,,
Vanilla OPD,9,16,11.0,0.1875,,0.09722222222222222,0.09722222222222222,,
Vanilla OPD,10,16,12.0,0.1875,,0.09027777777777778,0.10625,,
Vanilla OPD,11,16,14.0,0.0625,,0.08333333333333333,0.10227272727272728,,
Vanilla OPD,12,16,15.0,0.0625,,0.1111111111111111,0.09895833333333333,,
Vanilla OPD,13,16,17.0,0.0625,,0.11805555555555555,0.09615384615384616,,
Vanilla OPD,14,16,18.0,0.0,,0.1111111111111111,0.08928571428571429,,
Vanilla OPD,15,16,20.0,0.0625,,0.10416666666666667,0.0875,,
Vanilla OPD,16,16,21.0,0.25,,0.1388888888888889,0.09765625,,
Vanilla OPD,17,16,23.0,0.1875,,0.16666666666666666,0.10294117647058823,,
Vanilla OPD,18,16,24.0,0.125,,0.2013888888888889,0.10416666666666667,,
Vanilla OPD,19,16,26.0,0.125,,0.2361111111111111,0.10526315789473684,,
Vanilla OPD,20,16,27.0,0.375,,0.2638888888888889,0.11875,,
Vanilla OPD,21,16,29.0,0.3125,,0.2777777777777778,0.12797619047619047,,
Vanilla OPD,22,16,30.0,0.375,,0.2986111111111111,0.13920454545454544,,
Vanilla OPD,23,16,32.0,0.3125,,0.3194444444444444,0.14673913043478262,,
Vanilla OPD,24,16,33.0,0.3125,,0.3263888888888889,0.15364583333333334,,
Vanilla OPD,25,16,35.0,0.375,,0.3263888888888889,0.1625,,
Vanilla OPD,26,16,36.0,0.375,,0.3333333333333333,0.17067307692307693,,
Vanilla OPD,27,16,38.0,0.3125,,0.3263888888888889,0.17592592592592593,,
Vanilla OPD,28,16,39.0,0.1875,,0.3402777777777778,0.17633928571428573,,
Vanilla OPD,29,16,41.0,0.375,,0.3541666666666667,0.18318965517241378,,
Vanilla OPD,30,16,42.0,0.375,,0.3819444444444444,0.18958333333333333,,
Vanilla OPD,31,16,44.0,0.3125,,0.3888888888888889,0.1935483870967742,,
Vanilla OPD,32,16,44.0,0.4375,,0.3958333333333333,0.201171875,,
Vanilla OPD,33,16,46.0,0.4375,,0.4027777777777778,0.20833333333333334,,
Vanilla OPD,34,16,47.0,0.625,,0.3958333333333333,0.22058823529411764,,
Vanilla OPD,35,16,49.0,0.4375,,0.3958333333333333,0.22678571428571428,,
Vanilla OPD,36,16,50.0,0.375,,0.3888888888888889,0.2309027777777778,,
Vanilla OPD,37,16,52.0,0.25,,0.3819444444444444,0.23141891891891891,,
Vanilla OPD,38,16,53.0,0.3125,,0.375,0.23355263157894737,,
Vanilla OPD,39,16,55.0,0.375,,0.3541666666666667,0.23717948717948717,,
Vanilla OPD,40,16,56.0,0.25,,0.3472222222222222,0.2375,,
Vanilla OPD,41,16,58.0,0.375,,0.3680555555555556,0.24085365853658536,,
Vanilla OPD,42,16,59.0,0.375,,0.375,0.24404761904761904,,
Vanilla OPD,43,16,61.0,0.4375,,0.375,0.24854651162790697,,
Vanilla OPD,44,16,62.0,0.375,,0.3611111111111111,0.25142045454545453,,
Vanilla OPD,45,16,64.0,0.5625,,0.3819444444444444,0.25833333333333336,,
Vanilla OPD,46,16,65.0,0.3125,,0.375,0.2595108695652174,,
Vanilla OPD,47,16,67.0,0.3125,,0.4027777777777778,0.26063829787234044,,
Vanilla OPD,48,16,68.0,0.25,,0.4236111111111111,0.2604166666666667,,
Vanilla OPD,49,16,70.0,0.4375,,0.4305555555555556,0.26403061224489793,,
Vanilla OPD,50,16,71.0,0.3125,,0.4027777777777778,0.265,,
Vanilla OPD,51,16,73.0,0.625,,0.4166666666666667,0.27205882352941174,,
Vanilla OPD,52,16,74.0,0.625,,0.4375,0.27884615384615385,,
Vanilla OPD,53,16,76.0,0.4375,,0.4791666666666667,0.2818396226415094,,
Vanilla OPD,54,16,77.0,0.3125,,0.4791666666666667,0.2824074074074074,,
Vanilla OPD,55,16,79.0,0.4375,,0.4930555555555556,0.2852272727272727,,
Vanilla OPD,56,16,80.0,0.5,,0.4513888888888889,0.2890625,,
Vanilla OPD,57,16,82.0,0.625,,0.4513888888888889,0.2949561403508772,,
Vanilla OPD,58,16,83.0,0.4375,,0.4513888888888889,0.2974137931034483,,
Vanilla OPD,59,16,85.0,0.4375,,0.4791666666666667,0.2997881355932203,,
Vanilla OPD,60,16,86.0,0.25,,0.4513888888888889,0.2989583333333333,,
Vanilla OPD,61,16,88.0,0.625,,0.4375,0.3043032786885246,,
Vanilla OPD,62,16,89.0,0.4375,,0.4097222222222222,0.3064516129032258,,
Vanilla OPD,63,16,91.0,0.5625,,0.4166666666666667,0.310515873015873,,
Vanilla OPD,64,16,92.0,0.1875,,0.4166666666666667,0.30859375,,
Vanilla OPD,65,16,94.0,0.375,,0.4166666666666667,0.3096153846153846,,
Vanilla OPD,66,16,95.0,0.375,,0.3888888888888889,0.3106060606060606,,
Vanilla OPD,67,16,97.0,0.5,,0.4097222222222222,0.31343283582089554,,
Vanilla OPD,68,16,98.0,0.4375,,0.3819444444444444,0.31525735294117646,,
Vanilla OPD,69,16,100.0,0.25,,0.4027777777777778,0.31431159420289856,,
Vanilla OPD,70,16,101.0,0.375,,0.4097222222222222,0.3151785714285714,,
Vanilla OPD,71,16,100.0,0.625,,0.3888888888888889,0.31954225352112675,,
Vanilla OPD,72,16,101.0,0.3125,,0.3888888888888889,0.3194444444444444,,
Vanilla OPD,73,16,103.0,0.375,,0.3888888888888889,0.3202054794520548,,
Vanilla OPD,74,16,104.0,0.4375,,0.4375,0.3217905405405405,,
Vanilla OPD,75,16,105.0,0.1875,,0.4722222222222222,0.32,,
Vanilla OPD,76,16,107.0,0.5,,0.4722222222222222,0.3223684210526316,,
Vanilla OPD,77,16,108.0,0.4375,,0.5,0.32386363636363635,,
Vanilla OPD,78,16,110.0,0.6875,,0.5208333333333334,0.328525641025641,,
Vanilla OPD,79,16,111.0,0.6875,,0.5416666666666666,0.33306962025316456,,
Vanilla OPD,80,16,113.0,0.625,,0.5763888888888888,0.33671875,,
Vanilla OPD,81,16,115.0,0.5625,,0.5902777777777778,0.3395061728395062,,
Vanilla OPD,82,16,116.0,0.5625,,0.625,0.34222560975609756,,
Vanilla OPD,83,16,118.0,0.625,,0.6319444444444444,0.34563253012048195,,
Vanilla OPD,84,16,119.0,0.5,,0.6319444444444444,0.3474702380952381,,
Vanilla OPD,85,16,121.0,0.625,,0.6388888888888888,0.35073529411764703,,
Vanilla OPD,86,16,121.0,0.75,,0.6388888888888888,0.3553779069767442,,
Vanilla OPD,87,16,123.0,0.75,,0.6388888888888888,0.3599137931034483,,
Vanilla OPD,88,16,124.0,0.6875,,0.6319444444444444,0.36363636363636365,,
Vanilla OPD,89,16,126.0,0.6875,,0.6597222222222222,0.3672752808988764,,
Vanilla OPD,90,16,127.0,0.5625,,0.6805555555555556,0.36944444444444446,,
Vanilla OPD,91,16,120.0,0.5625,,0.6527777777777778,0.3715659340659341,,
Vanilla OPD,92,16,121.0,0.5625,,0.6597222222222222,0.3736413043478261,,
Vanilla OPD,93,16,123.0,0.75,,0.6736111111111112,0.37768817204301075,,
Vanilla OPD,94,16,124.0,0.8125,,0.6597222222222222,0.38231382978723405,,
Vanilla OPD,95,16,126.0,0.5,,0.6597222222222222,0.38355263157894737,,
Vanilla OPD,96,16,127.0,0.8125,,0.6805555555555556,0.3880208333333333,,
Vanilla OPD,97,16,129.0,0.8125,,0.6805555555555556,0.39239690721649484,,
Vanilla OPD,98,16,130.0,0.5625,,0.6805555555555556,0.39413265306122447,,
Vanilla OPD,99,16,132.0,0.5625,,0.6666666666666666,0.3958333333333333,,
Vanilla OPD,100,16,133.0,0.75,,0.6944444444444444,0.399375,,
Vanilla OPD,101,16,135.0,0.5625,,0.6736111111111112,0.400990099009901,,
Vanilla OPD,102,16,136.0,0.75,,0.6666666666666666,0.40441176470588236,,
Vanilla OPD,103,16,138.0,0.6875,,0.6875,0.4071601941747573,,
Vanilla OPD,104,16,139.0,0.75,,0.7083333333333334,0.4104567307692308,,
Vanilla OPD,105,16,141.0,0.625,,0.6805555555555556,0.4125,,
Vanilla OPD,106,16,142.0,0.75,,0.6944444444444444,0.41568396226415094,,
Vanilla OPD,107,16,144.0,0.75,,0.6805555555555556,0.41880841121495327,,
Vanilla OPD,108,16,145.0,0.75,,0.6736111111111112,0.421875,,
Vanilla OPD,109,16,147.0,0.5,,0.6458333333333334,0.42259174311926606,,
Vanilla OPD,110,16,148.0,0.6875,,0.6458333333333334,0.425,,
Vanilla OPD,111,16,150.0,0.625,,0.6458333333333334,0.42680180180180183,,
Vanilla OPD,112,16,151.0,0.625,,0.6319444444444444,0.42857142857142855,,
Vanilla OPD,113,16,153.0,0.5,,0.625,0.42920353982300885,,
Vanilla OPD,114,16,154.0,0.625,,0.6527777777777778,0.4309210526315789,,
Vanilla OPD,115,16,156.0,0.75,,0.6458333333333334,0.43369565217391304,,
Vanilla OPD,116,16,157.0,0.625,,0.6666666666666666,0.4353448275862069,,
Vanilla OPD,117,16,159.0,0.6875,,0.6805555555555556,0.4375,,
Vanilla OPD,118,16,160.0,0.75,,0.7083333333333334,0.4401483050847458,,
Vanilla OPD,119,16,162.0,0.625,,0.7222222222222222,0.4417016806722689,,
Vanilla OPD,120,16,163.0,0.8125,,0.7152777777777778,0.44479166666666664,,
Vanilla OPD,121,16,165.0,0.75,,0.7361111111111112,0.44731404958677684,,
Vanilla OPD,122,16,166.0,0.75,,0.7291666666666666,0.44979508196721313,,
Vanilla OPD,123,16,167.0,0.75,,0.7222222222222222,0.45223577235772355,,
Vanilla OPD,124,16,169.0,0.6875,,0.7430555555555556,0.45413306451612906,,
Vanilla OPD,125,16,170.0,0.8125,,0.7291666666666666,0.457,,
Vanilla OPD,126,16,172.0,0.625,,0.7152777777777778,0.4583333333333333,,
Vanilla OPD,127,16,173.0,0.6875,,0.7152777777777778,0.46013779527559057,,
Vanilla OPD,128,16,175.0,0.8125,,0.7222222222222222,0.462890625,,
Vanilla OPD,129,16,176.0,0.6875,,0.7291666666666666,0.4646317829457364,,
Vanilla OPD,130,16,178.0,0.625,,0.7013888888888888,0.4658653846153846,,
Vanilla OPD,131,16,179.0,0.75,,0.7152777777777778,0.46803435114503816,,
Vanilla OPD,132,16,181.0,0.8125,,0.7361111111111112,0.4706439393939394,,
Vanilla OPD,133,16,182.0,0.75,,0.7430555555555556,0.47274436090225563,,
Vanilla OPD,134,16,184.0,0.5625,,0.7638888888888888,0.47341417910447764,,
Vanilla OPD,135,16,185.0,0.75,,0.7430555555555556,0.475462962962963,,
Vanilla OPD,136,16,187.0,0.875,,0.7569444444444444,0.47840073529411764,,
Vanilla OPD,137,16,188.0,0.875,,0.75,0.4812956204379562,,
Vanilla OPD,138,16,190.0,0.875,,0.75,0.4841485507246377,,
Vanilla OPD,139,16,191.0,0.4375,,0.7777777777777778,0.48381294964028776,,
Vanilla OPD,140,16,193.0,0.875,,0.7986111111111112,0.48660714285714285,,
Vanilla OPD,141,16,195.0,0.75,,0.7916666666666666,0.48847517730496454,,
Vanilla OPD,142,16,195.0,0.75,,0.7986111111111112,0.4903169014084507,,
Vanilla OPD,143,16,197.0,0.8125,,0.7708333333333334,0.49256993006993005,,
Vanilla OPD,144,16,198.0,0.9375,,0.8194444444444444,0.4956597222222222,,
Vanilla OPD,145,16,200.0,0.8125,,0.8263888888888888,0.4978448275862069,,
Vanilla OPD,146,16,201.0,0.9375,,0.8472222222222222,0.5008561643835616,,
Vanilla OPD,147,16,203.0,0.625,,0.8541666666666666,0.5017006802721088,,
Vanilla OPD,148,16,204.0,0.875,,0.8472222222222222,0.504222972972973,,
Vanilla OPD,149,16,206.0,0.9375,,0.8472222222222222,0.5071308724832215,,
Vanilla OPD,150,16,207.0,0.9375,,0.8611111111111112,0.51,,
Vanilla OPD,151,16,209.0,0.8125,,0.8402777777777778,0.5120033112582781,,
Vanilla OPD,152,16,210.0,0.75,,0.8541666666666666,0.5135690789473685,,
Vanilla OPD,153,16,212.0,0.9375,,0.8472222222222222,0.5163398692810458,,
Vanilla OPD,154,16,213.0,0.9375,,0.8333333333333334,0.5190746753246753,,
Vanilla OPD,155,16,215.0,0.75,,0.8125,0.5205645161290322,,
Vanilla OPD,156,16,216.0,0.75,,0.8055555555555556,0.5220352564102564,,
Vanilla OPD,157,16,218.0,0.8125,,0.7986111111111112,0.5238853503184714,,
Vanilla OPD,158,16,219.0,0.8125,,0.7708333333333334,0.5257120253164557,,
Vanilla OPD,159,16,221.0,0.75,,0.75,0.527122641509434,,
Vanilla OPD,160,16,222.0,0.75,,0.7569444444444444,0.528515625,,
Vanilla OPD,161,16,224.0,0.6875,,0.7430555555555556,0.5295031055900621,,
Vanilla OPD,162,16,225.0,0.6875,,0.7361111111111112,0.5304783950617284,,
Vanilla OPD,163,16,227.0,0.75,,0.7430555555555556,0.5318251533742331,,
Vanilla OPD,164,16,228.0,0.8125,,0.7361111111111112,0.5335365853658537,,
Vanilla OPD,165,16,230.0,0.625,,0.7222222222222222,0.5340909090909091,,
Vanilla OPD,166,16,231.0,0.75,,0.7083333333333334,0.5353915662650602,,
Vanilla OPD,167,16,233.0,0.875,,0.7083333333333334,0.5374251497005988,,
Vanilla OPD,168,16,234.0,0.6875,,0.7291666666666666,0.5383184523809523,,
Vanilla OPD,169,16,236.0,0.625,,0.7222222222222222,0.5388313609467456,,
Vanilla OPD,170,16,237.0,0.5625,,0.75,0.5389705882352941,,
Vanilla OPD,171,16,239.0,0.6875,,0.7430555555555556,0.5398391812865497,,
Vanilla OPD,172,16,240.0,0.9375,,0.7361111111111112,0.5421511627906976,,
Vanilla OPD,173,16,242.0,0.75,,0.75,0.5433526011560693,,
Vanilla OPD,174,16,243.0,0.875,,0.765625,0.5452586206896551,,
Vanilla OPD,175,16,245.0,0.6875,,0.7946428571428571,0.5460714285714285,,
Vanilla OPD,176,16,246.0,0.8125,,0.8125,0.5475852272727273,,
Vanilla OPD,177,16,248.0,0.8125,,0.7875,0.5490819209039548,,
TCOD F2B,1,16,0.0,0.0,,0.0,0.0,,
TCOD F2B,2,16,0.0,0.0,,0.0,0.0,,
TCOD F2B,3,16,0.0,0.0,,0.0,0.0,,
TCOD F2B,4,16,0.0,0.0,,0.0,0.0,,
TCOD F2B,5,16,1.0,0.0,,0.0,0.0,,
TCOD F2B,6,16,1.0,0.0,,0.0,0.0,,
TCOD F2B,7,16,2.0,0.0,,0.0,0.0,,
TCOD F2B,8,16,2.0,0.0,,0.0,0.0,,
TCOD F2B,9,16,3.0,0.0,,0.0,0.0,,
TCOD F2B,10,16,3.0,0.0,,0.0,0.0,,
TCOD F2B,11,16,4.0,0.0,,0.0,0.0,,
TCOD F2B,12,16,5.0,0.0,,0.0,0.0,,
TCOD F2B,13,16,5.0,0.0,,0.0,0.0,,
TCOD F2B,14,16,6.0,0.0,,0.006944444444444444,0.0,,
TCOD F2B,15,16,7.0,0.0,,0.006944444444444444,0.0,,
TCOD F2B,16,16,8.0,0.0,,0.013888888888888888,0.0,,
TCOD F2B,17,16,9.0,0.0,,0.013888888888888888,0.0,,
TCOD F2B,18,16,10.0,0.0625,,0.013888888888888888,0.003472222222222222,,
TCOD F2B,19,16,11.0,0.0,,0.013888888888888888,0.003289473684210526,,
TCOD F2B,20,16,12.0,0.0625,,0.020833333333333332,0.00625,,
TCOD F2B,21,16,13.0,0.0,,0.020833333333333332,0.005952380952380952,,
TCOD F2B,22,16,14.0,0.0,,0.027777777777777776,0.005681818181818182,,
TCOD F2B,23,16,15.0,0.0,,0.027777777777777776,0.005434782608695652,,
TCOD F2B,24,16,16.0,0.0625,,0.034722222222222224,0.0078125,,
TCOD F2B,25,16,18.0,0.0,,0.04861111111111111,0.0075,,
TCOD F2B,26,16,19.0,0.0625,,0.06944444444444445,0.009615384615384616,,
TCOD F2B,27,16,20.0,0.0625,,0.08333333333333333,0.011574074074074073,,
TCOD F2B,28,16,21.0,0.0625,,0.13194444444444445,0.013392857142857142,,
TCOD F2B,29,16,23.0,0.1875,,0.14583333333333334,0.01939655172413793,,
TCOD F2B,30,16,24.0,0.1875,,0.16666666666666666,0.025,,
TCOD F2B,31,16,25.0,0.125,,0.1736111111111111,0.028225806451612902,,
TCOD F2B,32,16,27.0,0.4375,,0.19444444444444445,0.041015625,,
TCOD F2B,33,16,28.0,0.1875,,0.19444444444444445,0.045454545454545456,,
TCOD F2B,34,16,29.0,0.1875,,0.19444444444444445,0.04963235294117647,,
TCOD F2B,35,16,31.0,0.125,,0.1736111111111111,0.05178571428571429,,
TCOD F2B,36,16,32.0,0.25,,0.16666666666666666,0.057291666666666664,,
TCOD F2B,37,16,33.0,0.0625,,0.13194444444444445,0.057432432432432436,,
TCOD F2B,38,16,35.0,0.1875,,0.1527777777777778,0.06085526315789474,,
TCOD F2B,39,16,36.0,0.0,,0.1527777777777778,0.05929487179487179,,
TCOD F2B,40,16,37.0,0.0625,,0.1527777777777778,0.059375,,
TCOD F2B,41,16,39.0,0.125,,0.18055555555555555,0.06097560975609756,,
TCOD F2B,42,16,40.0,0.375,,0.2152777777777778,0.06845238095238096,,
TCOD F2B,43,16,42.0,0.1875,,0.20833333333333334,0.07122093023255814,,
TCOD F2B,44,16,43.0,0.125,,0.25,0.07244318181818182,,
TCOD F2B,45,16,45.0,0.5,,0.2847222222222222,0.08194444444444444,,
TCOD F2B,46,16,46.0,0.375,,0.3055555555555556,0.08831521739130435,,
TCOD F2B,47,16,48.0,0.125,,0.3125,0.08909574468085106,,
TCOD F2B,48,16,49.0,0.375,,0.3402777777777778,0.09505208333333333,,
TCOD F2B,49,16,51.0,0.375,,0.3819444444444444,0.10076530612244898,,
TCOD F2B,50,16,52.0,0.3125,,0.3819444444444444,0.105,,
TCOD F2B,51,16,54.0,0.4375,,0.4166666666666667,0.11151960784313726,,
TCOD F2B,52,16,55.0,0.4375,,0.4513888888888889,0.11778846153846154,,
TCOD F2B,53,16,57.0,0.5,,0.4861111111111111,0.125,,
TCOD F2B,54,16,58.0,0.5,,0.4791666666666667,0.13194444444444445,,
TCOD F2B,55,16,60.0,0.6875,,0.4861111111111111,0.14204545454545456,,
TCOD F2B,56,16,61.0,0.4375,,0.5,0.14732142857142858,,
TCOD F2B,57,16,63.0,0.6875,,0.5,0.15679824561403508,,
TCOD F2B,58,16,64.0,0.3125,,0.5069444444444444,0.15948275862068967,,
TCOD F2B,59,16,66.0,0.375,,0.5138888888888888,0.163135593220339,,
TCOD F2B,60,16,67.0,0.5625,,0.4583333333333333,0.16979166666666667,,
TCOD F2B,61,16,69.0,0.4375,,0.4583333333333333,0.17418032786885246,,
TCOD F2B,62,16,70.0,0.5625,,0.4444444444444444,0.18044354838709678,,
TCOD F2B,63,16,72.0,0.5625,,0.4791666666666667,0.1865079365079365,,
TCOD F2B,64,16,73.0,0.1875,,0.5,0.1865234375,,
TCOD F2B,65,16,75.0,0.4375,,0.4930555555555556,0.19038461538461537,,
TCOD F2B,66,16,76.0,0.5625,,0.4791666666666667,0.19602272727272727,,
TCOD F2B,67,16,78.0,0.625,,0.4861111111111111,0.20242537313432835,,
TCOD F2B,68,16,79.0,0.5625,,0.4652777777777778,0.20772058823529413,,
TCOD F2B,69,16,81.0,0.5,,0.4930555555555556,0.21195652173913043,,
TCOD F2B,70,16,82.0,0.3125,,0.5208333333333334,0.21339285714285713,,
TCOD F2B,71,16,84.0,0.625,,0.4861111111111111,0.21919014084507044,,
TCOD F2B,72,16,85.0,0.375,,0.4652777777777778,0.22135416666666666,,
TCOD F2B,73,16,87.0,0.4375,,0.4652777777777778,0.2243150684931507,,
TCOD F2B,74,16,88.0,0.6875,,0.4861111111111111,0.23057432432432431,,
TCOD F2B,75,16,90.0,0.25,,0.5208333333333334,0.23083333333333333,,
TCOD F2B,76,16,91.0,0.4375,,0.5069444444444444,0.23355263157894737,,
TCOD F2B,77,16,93.0,0.5625,,0.4791666666666667,0.23782467532467533,,
TCOD F2B,78,16,94.0,0.6875,,0.4861111111111111,0.24358974358974358,,
TCOD F2B,79,16,80.0,0.625,,0.4583333333333333,0.24841772151898733,,
TCOD F2B,80,16,81.0,0.5,,0.5069444444444444,0.2515625,,
TCOD F2B,81,16,83.0,0.125,,0.5138888888888888,0.25,,
TCOD F2B,82,16,84.0,0.5,,0.5138888888888888,0.2530487804878049,,
TCOD F2B,83,16,86.0,0.4375,,0.4791666666666667,0.2552710843373494,,
TCOD F2B,84,16,87.0,0.6875,,0.4444444444444444,0.2604166666666667,,
TCOD F2B,85,16,89.0,0.5,,0.4513888888888889,0.26323529411764707,,
TCOD F2B,86,16,90.0,0.5625,,0.5208333333333334,0.26671511627906974,,
TCOD F2B,87,16,92.0,0.375,,0.5208333333333334,0.26795977011494254,,
TCOD F2B,88,16,93.0,0.3125,,0.5277777777777778,0.2684659090909091,,
TCOD F2B,89,16,94.0,0.5625,,0.5208333333333334,0.2717696629213483,,
TCOD F2B,90,16,96.0,0.75,,0.5555555555555556,0.27708333333333335,,
TCOD F2B,91,16,97.0,0.5,,0.5763888888888888,0.27953296703296704,,
TCOD F2B,92,16,99.0,0.5,,0.6111111111111112,0.281929347826087,,
TCOD F2B,93,16,100.0,0.625,,0.6527777777777778,0.2856182795698925,,
TCOD F2B,94,16,102.0,0.8125,,0.6597222222222222,0.2912234042553192,,
TCOD F2B,95,16,103.0,0.75,,0.6180555555555556,0.29605263157894735,,
TCOD F2B,96,16,105.0,0.6875,,0.6458333333333334,0.3001302083333333,,
TCOD F2B,97,16,106.0,0.6875,,0.6597222222222222,0.30412371134020616,,
TCOD F2B,98,16,108.0,0.625,,0.6666666666666666,0.30739795918367346,,
TCOD F2B,99,16,109.0,0.375,,0.6597222222222222,0.30808080808080807,,
TCOD F2B,100,16,111.0,0.75,,0.6666666666666666,0.3125,,
TCOD F2B,101,16,113.0,0.625,,0.6527777777777778,0.3155940594059406,,
TCOD F2B,102,16,114.0,0.6875,,0.6597222222222222,0.31924019607843135,,
TCOD F2B,103,16,116.0,0.75,,0.6597222222222222,0.3234223300970874,,
TCOD F2B,104,16,117.0,0.8125,,0.6944444444444444,0.328125,,
TCOD F2B,105,16,119.0,0.5625,,0.6944444444444444,0.33035714285714285,,
TCOD F2B,106,16,120.0,0.75,,0.6944444444444444,0.33431603773584906,,
TCOD F2B,107,16,122.0,0.625,,0.6805555555555556,0.33703271028037385,,
TCOD F2B,108,16,123.0,0.6875,,0.6875,0.3402777777777778,,
TCOD F2B,109,16,125.0,0.75,,0.6666666666666666,0.3440366972477064,,
TCOD F2B,110,16,126.0,0.625,,0.6736111111111112,0.3465909090909091,,
TCOD F2B,111,16,128.0,0.5625,,0.6805555555555556,0.34853603603603606,,
TCOD F2B,112,16,129.0,0.8125,,0.6736111111111112,0.35267857142857145,,
TCOD F2B,113,16,131.0,0.625,,0.6666666666666666,0.35508849557522126,,
TCOD F2B,114,16,132.0,0.625,,0.6805555555555556,0.3574561403508772,,
TCOD F2B,115,16,134.0,0.8125,,0.6875,0.36141304347826086,,
TCOD F2B,116,16,135.0,0.5625,,0.7083333333333334,0.36314655172413796,,
TCOD F2B,117,16,137.0,0.625,,0.7013888888888888,0.36538461538461536,,
TCOD F2B,118,16,138.0,0.875,,0.6875,0.3697033898305085,,
TCOD F2B,119,16,140.0,0.6875,,0.6944444444444444,0.37237394957983194,,
TCOD F2B,120,16,141.0,0.75,,0.6736111111111112,0.37552083333333336,,
TCOD F2B,121,16,143.0,0.75,,0.6944444444444444,0.37861570247933884,,
TCOD F2B,122,16,144.0,0.5,,0.6875,0.3796106557377049,,
TCOD F2B,123,16,146.0,0.6875,,0.6666666666666666,0.3821138211382114,,
TCOD F2B,124,16,147.0,0.625,,0.6736111111111112,0.3840725806451613,,
TCOD F2B,125,16,149.0,0.75,,0.6736111111111112,0.387,,
TCOD F2B,126,16,150.0,0.5625,,0.6597222222222222,0.38839285714285715,,
TCOD F2B,127,16,152.0,0.6875,,0.7013888888888888,0.390748031496063,,
TCOD F2B,128,16,153.0,0.75,,0.7083333333333334,0.3935546875,,
TCOD F2B,129,16,155.0,0.75,,0.7083333333333334,0.3963178294573643,,
TCOD F2B,130,16,156.0,0.625,,0.6944444444444444,0.39807692307692305,,
TCOD F2B,131,16,158.0,0.875,,0.7361111111111112,0.4017175572519084,,
TCOD F2B,132,16,159.0,0.75,,0.75,0.4043560606060606,,
TCOD F2B,133,16,161.0,0.625,,0.7638888888888888,0.40601503759398494,,
TCOD F2B,134,16,162.0,0.625,,0.7777777777777778,0.4076492537313433,,
TCOD F2B,135,16,164.0,0.9375,,0.7847222222222222,0.4115740740740741,,
TCOD F2B,136,16,165.0,0.8125,,0.7916666666666666,0.41452205882352944,,
TCOD F2B,137,16,167.0,0.875,,0.7986111111111112,0.41788321167883213,,
TCOD F2B,138,16,168.0,0.875,,0.8125,0.421195652173913,,
TCOD F2B,139,16,170.0,0.6875,,0.8263888888888888,0.4231115107913669,,
TCOD F2B,140,16,171.0,0.9375,,0.7986111111111112,0.42678571428571427,,
TCOD F2B,141,16,173.0,0.8125,,0.7986111111111112,0.4295212765957447,,
TCOD F2B,142,16,174.0,0.75,,0.7916666666666666,0.4317781690140845,,
TCOD F2B,143,16,176.0,0.75,,0.7916666666666666,0.4340034965034965,,
TCOD F2B,144,16,177.0,0.6875,,0.7986111111111112,0.4357638888888889,,
TCOD F2B,145,16,178.0,0.8125,,0.7847222222222222,0.4383620689655172,,
TCOD F2B,146,16,180.0,0.8125,,0.7916666666666666,0.4409246575342466,,
TCOD F2B,147,16,181.0,0.875,,0.7986111111111112,0.44387755102040816,,
TCOD F2B,148,16,182.0,0.75,,0.8125,0.44594594594594594,,
TCOD F2B,149,16,184.0,0.8125,,0.8402777777777778,0.4484060402684564,,
TCOD F2B,150,16,185.0,0.875,,0.8541666666666666,0.45125,,
TCOD F2B,151,16,187.0,0.8125,,0.8541666666666666,0.45364238410596025,,
TCOD F2B,152,16,188.0,0.875,,0.8472222222222222,0.4564144736842105,,
TCOD F2B,153,16,190.0,0.9375,,0.8472222222222222,0.45955882352941174,,
TCOD F2B,154,16,191.0,0.9375,,0.8402777777777778,0.46266233766233766,,
TCOD F2B,155,16,193.0,0.8125,,0.8402777777777778,0.46491935483870966,,
TCOD F2B,156,16,194.0,0.8125,,0.8402777777777778,0.4671474358974359,,
TCOD F2B,157,16,196.0,0.75,,0.8194444444444444,0.46894904458598724,,
TCOD F2B,158,16,197.0,0.75,,0.7916666666666666,0.47072784810126583,,
TCOD F2B,159,16,199.0,0.875,,0.7569444444444444,0.47327044025157233,,
TCOD F2B,160,16,200.0,0.8125,,0.75,0.475390625,,
TCOD F2B,161,16,202.0,0.6875,,0.7361111111111112,0.4767080745341615,,
TCOD F2B,162,16,203.0,0.6875,,0.7222222222222222,0.47800925925925924,,
TCOD F2B,163,16,205.0,0.625,,0.7430555555555556,0.47891104294478526,,
TCOD F2B,164,16,206.0,0.75,,0.7291666666666666,0.4805640243902439,,
TCOD F2B,165,16,208.0,0.6875,,0.7222222222222222,0.4818181818181818,,
TCOD F2B,166,16,209.0,0.625,,0.7361111111111112,0.48268072289156627,,
TCOD F2B,167,16,211.0,0.9375,,0.75,0.48540419161676646,,
TCOD F2B,168,16,212.0,0.75,,0.7847222222222222,0.4869791666666667,,
TCOD F2B,169,16,213.0,0.75,,0.7777777777777778,0.4885355029585799,,
TCOD F2B,170,16,215.0,0.8125,,0.7847222222222222,0.4904411764705882,,
TCOD F2B,171,16,216.0,0.8125,,0.7986111111111112,0.4923245614035088,,
TCOD F2B,172,16,218.0,0.9375,,0.8055555555555556,0.4949127906976744,,
TCOD F2B,173,16,219.0,0.6875,,0.8125,0.49602601156069365,,
TCOD F2B,174,16,221.0,0.75,,0.8194444444444444,0.49748563218390807,,
TCOD F2B,175,16,221.0,0.75,,0.8125,0.49892857142857144,,
TCOD F2B,176,16,223.0,1.0,,0.7708333333333334,0.5017755681818182,,
TCOD F2B,177,16,224.0,0.8125,,0.7569444444444444,0.5035310734463276,,
TCOD F2B,178,16,226.0,0.8125,,0.7708333333333334,0.5052668539325843,,
TCOD F2B,179,16,227.0,0.75,,0.7777777777777778,0.5066340782122905,,
TCOD F2B,180,16,229.0,0.4375,,0.7986111111111112,0.50625,,
TCOD F2B,181,16,231.0,0.8125,,0.7847222222222222,0.5079419889502762,,
TCOD F2B,182,16,232.0,0.8125,,0.7777777777777778,0.5096153846153846,,
TCOD F2B,183,16,234.0,0.8125,,0.7638888888888888,0.5112704918032787,,
TCOD F2B,184,16,235.0,0.9375,,0.7638888888888888,0.5135869565217391,,
TCOD F2B,185,16,237.0,0.875,,0.7847222222222222,0.5155405405405405,,
TCOD F2B,186,16,238.0,0.75,,0.7847222222222222,0.5168010752688172,,
TCOD F2B,187,16,240.0,0.6875,,0.7916666666666666,0.5177139037433155,,
TCOD F2B,188,16,241.0,0.75,,0.7777777777777778,0.5189494680851063,,
TCOD F2B,189,16,243.0,0.625,,0.7638888888888888,0.519510582010582,,
TCOD F2B,190,16,244.0,0.8125,,0.75,0.5210526315789473,,
TCOD F2B,191,16,245.0,0.875,,0.75,0.5229057591623036,,
TCOD F2B,192,16,247.0,0.6875,,0.7604166666666666,0.5237630208333334,,
TCOD F2B,193,16,248.0,0.8125,,0.7625,0.5252590673575129,,
Adaptive v1,1,16,0.0,0.125,0.125,0.075,0.125,0.075,0.125
Adaptive v1,2,16,1.0,0.25,0.25,0.08333333333333333,0.1875,0.08333333333333333,0.1875
Adaptive v1,3,16,3.0,0.0,0.0,0.08928571428571429,0.125,0.08928571428571429,0.125
Adaptive v1,4,16,4.0,0.0,0.0,0.0859375,0.09375,0.0859375,0.09375
Adaptive v1,5,16,6.0,0.0,0.0,0.08333333333333333,0.075,0.08333333333333333,0.075
Adaptive v1,6,16,7.0,0.125,0.125,0.09027777777777778,0.08333333333333333,0.09027777777777778,0.08333333333333333
Adaptive v1,7,16,9.0,0.125,0.125,0.08333333333333333,0.08928571428571429,0.08333333333333333,0.08928571428571429
Adaptive v1,8,16,10.0,0.0625,0.0625,0.09027777777777778,0.0859375,0.09027777777777778,0.0859375
Adaptive v1,9,16,11.0,0.0625,0.0625,0.1111111111111111,0.08333333333333333,0.1111111111111111,0.08333333333333333
Adaptive v1,10,16,13.0,0.1875,0.1875,0.13194444444444445,0.09375,0.13194444444444445,0.09375
Adaptive v1,11,16,14.0,0.1875,0.1875,0.11805555555555555,0.10227272727272728,0.11805555555555555,0.10227272727272728
Adaptive v1,12,16,16.0,0.0625,0.0625,0.1111111111111111,0.09895833333333333,0.1111111111111111,0.09895833333333333
Adaptive v1,13,16,17.0,0.1875,0.1875,0.125,0.10576923076923077,0.125,0.10576923076923077
Adaptive v1,14,16,19.0,0.1875,0.1875,0.1527777777777778,0.11160714285714286,0.1527777777777778,0.11160714285714286
Adaptive v1,15,16,20.0,0.0,0.0,0.1388888888888889,0.10416666666666667,0.1388888888888889,0.10416666666666667
Adaptive v1,16,16,22.0,0.0625,0.0625,0.13194444444444445,0.1015625,0.13194444444444445,0.1015625
Adaptive v1,17,16,23.0,0.1875,0.1875,0.16666666666666666,0.10661764705882353,0.16666666666666666,0.10661764705882353
Adaptive v1,18,16,25.0,0.3125,0.3125,0.1736111111111111,0.11805555555555555,0.1736111111111111,0.11805555555555555
Adaptive v1,19,16,26.0,0.0625,0.0625,0.18055555555555555,0.11513157894736842,0.18055555555555555,0.11513157894736842
Adaptive v1,20,16,28.0,0.125,0.125,0.2013888888888889,0.115625,0.2013888888888889,0.115625
Adaptive v1,21,16,29.0,0.375,0.375,0.24305555555555555,0.12797619047619047,0.24305555555555555,0.12797619047619047
Adaptive v1,22,16,31.0,0.25,0.25,0.2638888888888889,0.13352272727272727,0.2638888888888889,0.13352272727272727
Adaptive v1,23,16,32.0,0.25,0.25,0.2777777777777778,0.13858695652173914,0.2777777777777778,0.13858695652173914
Adaptive v1,24,16,34.0,0.1875,0.1875,0.2847222222222222,0.140625,0.2847222222222222,0.140625
Adaptive v1,25,16,35.0,0.4375,0.4375,0.3194444444444444,0.1525,0.3194444444444444,0.1525
Adaptive v1,26,16,37.0,0.375,0.375,0.3055555555555556,0.16105769230769232,0.3055555555555556,0.16105769230769232
Adaptive v1,27,16,38.0,0.4375,0.4375,0.2986111111111111,0.1712962962962963,0.2986111111111111,0.1712962962962963
Adaptive v1,28,16,40.0,0.125,0.125,0.3125,0.16964285714285715,0.3125,0.16964285714285715
Adaptive v1,29,16,40.0,0.4375,0.4375,0.3263888888888889,0.1788793103448276,0.3263888888888889,0.1788793103448276
Adaptive v1,30,16,42.0,0.25,0.25,0.3194444444444444,0.18125,0.3194444444444444,0.18125
Adaptive v1,31,16,43.0,0.1875,0.1875,0.3125,0.1814516129032258,0.3125,0.1814516129032258
Adaptive v1,32,16,44.0,0.375,0.375,0.2986111111111111,0.1875,0.2986111111111111,0.1875
Adaptive v1,33,16,46.0,0.3125,0.3125,0.3125,0.19128787878787878,0.3125,0.19128787878787878
Adaptive v1,34,16,47.0,0.375,0.375,0.2847222222222222,0.19669117647058823,0.2847222222222222,0.19669117647058823
Adaptive v1,35,16,49.0,0.3125,0.3125,0.2916666666666667,0.2,0.2916666666666667,0.2
Adaptive v1,36,16,50.0,0.3125,0.3125,0.2916666666666667,0.203125,0.2916666666666667,0.203125
Adaptive v1,37,16,52.0,0.25,0.25,0.2847222222222222,0.20439189189189189,0.2847222222222222,0.20439189189189189
Adaptive v1,38,16,53.0,0.1875,0.1875,0.2916666666666667,0.20394736842105263,0.2916666666666667,0.20394736842105263
Adaptive v1,39,16,55.0,0.3125,0.3125,0.2847222222222222,0.20673076923076922,0.2847222222222222,0.20673076923076922
Adaptive v1,40,16,56.0,0.1875,0.1875,0.2916666666666667,0.20625,0.2916666666666667,0.20625
Adaptive v1,41,16,58.0,0.3125,0.3125,0.3194444444444444,0.20884146341463414,0.3194444444444444,0.20884146341463414
Adaptive v1,42,16,59.0,0.375,0.375,0.3402777777777778,0.21279761904761904,0.3402777777777778,0.21279761904761904
Adaptive v1,43,16,61.0,0.3125,0.3125,0.3611111111111111,0.21511627906976744,0.3611111111111111,0.21511627906976744
Adaptive v1,44,16,62.0,0.375,0.375,0.3819444444444444,0.21875,0.3819444444444444,0.21875
Adaptive v1,45,16,64.0,0.5625,0.5625,0.4236111111111111,0.2263888888888889,0.4236111111111111,0.2263888888888889
Adaptive v1,46,16,65.0,0.4375,0.4375,0.4236111111111111,0.23097826086956522,0.4236111111111111,0.23097826086956522
Adaptive v1,47,16,67.0,0.375,0.375,0.4444444444444444,0.23404255319148937,0.4444444444444444,0.23404255319148937
Adaptive v1,48,16,68.0,0.5,0.5,0.4583333333333333,0.23958333333333334,0.4583333333333333,0.23958333333333334
Adaptive v1,49,16,70.0,0.5625,0.5625,0.4791666666666667,0.2461734693877551,0.4791666666666667,0.2461734693877551
Adaptive v1,50,16,71.0,0.3125,0.3125,0.4444444444444444,0.2475,0.4444444444444444,0.2475
Adaptive v1,51,16,73.0,0.5625,0.5625,0.4583333333333333,0.2536764705882353,0.4583333333333333,0.2536764705882353
Adaptive v1,52,16,74.0,0.4375,0.4375,0.4583333333333333,0.25721153846153844,0.4583333333333333,0.25721153846153844
Adaptive v1,53,16,76.0,0.5625,0.5625,0.4722222222222222,0.26297169811320753,0.4722222222222222,0.26297169811320753
Adaptive v1,54,16,77.0,0.25,0.25,0.4583333333333333,0.26273148148148145,0.4583333333333333,0.26273148148148145
Adaptive v1,55,16,79.0,0.5625,0.5625,0.4722222222222222,0.2681818181818182,0.4722222222222222,0.2681818181818182
Adaptive v1,56,16,80.0,0.375,0.375,0.4375,0.2700892857142857,0.4375,0.2700892857142857
Adaptive v1,57,16,82.0,0.625,0.625,0.4375,0.27631578947368424,0.4375,0.27631578947368424
Adaptive v1,58,16,83.0,0.4375,0.4375,0.4166666666666667,0.2790948275862069,0.4166666666666667,0.2790948275862069
Adaptive v1,59,16,85.0,0.4375,0.4375,0.4375,0.2817796610169492,0.4375,0.2817796610169492
Adaptive v1,60,16,86.0,0.25,0.25,0.4166666666666667,0.28125,0.4166666666666667,0.28125
Adaptive v1,61,16,88.0,0.4375,0.4375,0.4166666666666667,0.2838114754098361,0.4166666666666667,0.2838114754098361
Adaptive v1,62,16,89.0,0.375,0.375,0.4305555555555556,0.2852822580645161,0.4305555555555556,0.2852822580645161
Adaptive v1,63,16,91.0,0.4375,0.4375,0.4305555555555556,0.2876984126984127,0.4305555555555556,0.2876984126984127
Adaptive v1,64,16,92.0,0.375,0.375,0.4444444444444444,0.2890625,0.4444444444444444,0.2890625
Adaptive v1,65,16,94.0,0.375,0.375,0.4583333333333333,0.2903846153846154,0.4583333333333333,0.2903846153846154
Adaptive v1,66,16,95.0,0.75,0.75,0.4861111111111111,0.29734848484848486,0.4861111111111111,0.29734848484848486
Adaptive v1,67,16,97.0,0.4375,0.4375,0.5069444444444444,0.2994402985074627,0.5069444444444444,0.2994402985074627
Adaptive v1,68,16,98.0,0.5625,0.5625,0.5138888888888888,0.30330882352941174,0.5138888888888888,0.30330882352941174
Adaptive v1,69,16,100.0,0.375,0.375,0.5277777777777778,0.30434782608695654,0.5277777777777778,0.30434782608695654
Adaptive v1,70,16,101.0,0.6875,0.6875,0.5416666666666666,0.3098214285714286,0.5416666666666666,0.3098214285714286
Adaptive v1,71,16,103.0,0.5625,0.5625,0.5208333333333334,0.31338028169014087,0.5208333333333334,0.31338028169014087
Adaptive v1,72,16,104.0,0.5,0.5,0.5138888888888888,0.3159722222222222,0.5138888888888888,0.3159722222222222
Adaptive v1,73,16,106.0,0.5,0.5,0.5277777777777778,0.3184931506849315,0.5277777777777778,0.3184931506849315
Adaptive v1,74,16,107.0,0.5,0.5,0.5555555555555556,0.32094594594594594,0.5555555555555556,0.32094594594594594
Adaptive v1,75,16,109.0,0.5625,0.5625,0.5555555555555556,0.32416666666666666,0.5555555555555556,0.32416666666666666
Adaptive v1,76,16,110.0,0.375,0.375,0.5694444444444444,0.3248355263157895,0.5694444444444444,0.3248355263157895
Adaptive v1,77,16,112.0,0.6875,0.6875,0.5625,0.32954545454545453,0.5625,0.32954545454545453
Adaptive v1,78,16,113.0,0.625,0.625,0.5902777777777778,0.3333333333333333,0.5902777777777778,0.3333333333333333
Adaptive v1,79,16,115.0,0.6875,0.6875,0.6180555555555556,0.33781645569620256,0.6180555555555556,0.33781645569620256
Adaptive v1,80,16,116.0,0.6875,0.6875,0.625,0.3421875,0.625,0.3421875
Adaptive v1,81,16,118.0,0.4375,0.4375,0.6458333333333334,0.3433641975308642,0.6458333333333334,0.3433641975308642
Adaptive v1,82,16,119.0,0.75,0.75,0.625,0.3483231707317073,0.625,0.3483231707317073
Adaptive v1,83,16,121.0,0.75,0.75,0.6319444444444444,0.35316265060240964,0.6319444444444444,0.35316265060240964
Adaptive v1,84,16,122.0,0.625,0.625,0.6041666666666666,0.35639880952380953,0.6041666666666666,0.35639880952380953
Adaptive v1,85,16,124.0,0.5625,0.5625,0.5833333333333334,0.3588235294117647,0.5833333333333334,0.3588235294117647
Adaptive v1,86,16,125.0,0.5,0.5,0.5972222222222222,0.36046511627906974,0.5972222222222222,0.36046511627906974
Adaptive v1,87,16,127.0,0.6875,0.6875,0.5833333333333334,0.3642241379310345,0.5833333333333334,0.3642241379310345
Adaptive v1,88,16,128.0,0.4375,0.4375,0.5694444444444444,0.3650568181818182,0.5694444444444444,0.3650568181818182
Adaptive v1,89,16,130.0,0.5,0.5,0.5694444444444444,0.36657303370786515,0.5694444444444444,0.36657303370786515
Adaptive v1,90,16,131.0,0.5625,0.5625,0.5902777777777778,0.36875,0.5902777777777778,0.36875
Adaptive v1,91,16,133.0,0.625,0.625,0.5972222222222222,0.3715659340659341,0.5972222222222222,0.3715659340659341
Adaptive v1,92,16,134.0,0.625,0.625,0.625,0.374320652173913,0.625,0.374320652173913
Adaptive v1,93,16,136.0,0.625,0.625,0.6319444444444444,0.37701612903225806,0.6319444444444444,0.37701612903225806
Adaptive v1,94,16,137.0,0.75,0.75,0.6527777777777778,0.3809840425531915,0.6527777777777778,0.3809840425531915
Adaptive v1,95,16,139.0,0.5625,0.5625,0.6736111111111112,0.3828947368421053,0.6736111111111112,0.3828947368421053
Adaptive v1,96,16,140.0,0.9375,0.9375,0.6944444444444444,0.388671875,0.6944444444444444,0.388671875
Adaptive v1,97,16,142.0,0.5,0.5,0.7013888888888888,0.389819587628866,0.7013888888888888,0.389819587628866
Adaptive v1,98,16,143.0,0.6875,0.6875,0.6875,0.39285714285714285,0.6875,0.39285714285714285
Adaptive v1,99,16,145.0,0.75,0.75,0.6666666666666666,0.39646464646464646,0.6666666666666666,0.39646464646464646
Adaptive v1,100,16,146.0,0.8125,0.8125,0.6805555555555556,0.400625,0.6805555555555556,0.400625
Adaptive v1,101,16,148.0,0.6875,0.6875,0.6458333333333334,0.4034653465346535,0.6458333333333334,0.4034653465346535
Adaptive v1,102,16,149.0,0.5,0.5,0.6805555555555556,0.40441176470588236,0.6805555555555556,0.40441176470588236
Adaptive v1,103,16,151.0,0.5625,0.5625,0.6666666666666666,0.4059466019417476,0.6666666666666666,0.4059466019417476
Adaptive v1,104,16,152.0,0.6875,0.6875,0.6458333333333334,0.40865384615384615,0.6458333333333334,0.40865384615384615
Adaptive v1,105,16,154.0,0.625,0.625,0.6388888888888888,0.4107142857142857,0.6388888888888888,0.4107142857142857
Adaptive v1,106,16,155.0,0.8125,0.8125,0.6458333333333334,0.41450471698113206,0.6458333333333334,0.41450471698113206
Adaptive v1,107,16,157.0,0.5625,0.5625,0.6666666666666666,0.4158878504672897,0.6666666666666666,0.4158878504672897
Adaptive v1,108,16,158.0,0.5625,0.5625,0.6736111111111112,0.41724537037037035,0.6736111111111112,0.41724537037037035
Adaptive v1,109,16,160.0,0.75,0.75,0.6319444444444444,0.4202981651376147,0.6319444444444444,0.4202981651376147
Adaptive v1,110,16,161.0,0.75,0.75,0.6111111111111112,0.42329545454545453,0.6111111111111112,0.42329545454545453
Adaptive v1,111,16,163.0,0.6875,0.6875,0.5902777777777778,0.42567567567567566,0.5902777777777778,0.42567567567567566
Adaptive v1,112,16,164.0,0.625,0.625,0.6111111111111112,0.42745535714285715,0.6111111111111112,0.42745535714285715
Adaptive v1,113,16,166.0,0.3125,0.3125,0.5972222222222222,0.4264380530973451,0.5972222222222222,0.4264380530973451
Adaptive v1,114,16,167.0,0.4375,0.4375,0.5972222222222222,0.42653508771929827,0.5972222222222222,0.42653508771929827
Adaptive v1,115,16,169.0,0.625,0.625,0.5763888888888888,0.4282608695652174,0.5763888888888888,0.4282608695652174
Adaptive v1,116,16,170.0,0.75,0.75,0.5833333333333334,0.43103448275862066,0.5833333333333334,0.43103448275862066
Adaptive v1,117,16,172.0,0.4375,0.4375,0.6041666666666666,0.4310897435897436,0.6041666666666666,0.4310897435897436
Adaptive v1,118,16,173.0,0.75,0.75,0.625,0.4337923728813559,0.625,0.4337923728813559
Adaptive v1,119,16,175.0,0.5625,0.5625,0.6388888888888888,0.43487394957983194,0.6388888888888888,0.43487394957983194
Adaptive v1,120,16,176.0,0.75,0.75,0.6527777777777778,0.4375,0.6527777777777778,0.4375
Adaptive v1,121,16,178.0,0.8125,0.8125,0.6527777777777778,0.440599173553719,0.6527777777777778,0.440599173553719
Adaptive v1,122,16,179.0,0.5,0.5,0.6666666666666666,0.4410860655737705,0.6666666666666666,0.4410860655737705
Adaptive v1,123,16,181.0,0.5625,0.5625,0.6666666666666666,0.4420731707317073,0.6666666666666666,0.4420731707317073
Adaptive v1,124,16,182.0,0.75,0.75,0.6875,0.44455645161290325,0.6875,0.44455645161290325
Adaptive v1,125,16,184.0,0.75,0.75,0.6666666666666666,0.447,0.6666666666666666,0.447
Adaptive v1,126,16,185.0,0.5625,0.5625,0.6527777777777778,0.4479166666666667,0.6527777777777778,0.4479166666666667
Adaptive v1,127,16,187.0,0.75,0.75,0.6666666666666666,0.45029527559055116,0.6666666666666666,0.45029527559055116
Adaptive v1,128,16,188.0,0.75,0.75,0.6805555555555556,0.45263671875,0.6805555555555556,0.45263671875
Adaptive v1,129,16,190.0,0.5625,0.5625,0.6875,0.45348837209302323,0.6875,0.45348837209302323
Adaptive v1,130,16,191.0,0.6875,0.6875,0.6805555555555556,0.45528846153846153,0.6805555555555556,0.45528846153846153
Adaptive v1,131,16,193.0,0.625,0.625,0.7152777777777778,0.45658396946564883,0.7152777777777778,0.45658396946564883
Adaptive v1,132,16,194.0,0.6875,0.6875,0.7222222222222222,0.4583333333333333,0.7222222222222222,0.4583333333333333
Adaptive v1,133,16,196.0,0.8125,0.8125,0.7291666666666666,0.46099624060150374,0.7291666666666666,0.46099624060150374
Adaptive v1,134,16,197.0,0.6875,0.6875,0.7430555555555556,0.4626865671641791,0.7430555555555556,0.4626865671641791
Adaptive v1,135,16,199.0,0.875,0.875,0.7291666666666666,0.46574074074074073,0.7291666666666666,0.46574074074074073
Adaptive v1,136,16,200.0,0.8125,0.8125,0.7638888888888888,0.46829044117647056,0.7638888888888888,0.46829044117647056
Adaptive v1,137,16,202.0,0.8125,0.8125,0.7708333333333334,0.4708029197080292,0.7708333333333334,0.4708029197080292
Adaptive v1,138,16,203.0,0.6875,0.6875,0.7708333333333334,0.4723731884057971,0.7708333333333334,0.4723731884057971
Adaptive v1,139,16,205.0,0.5625,0.5625,0.7916666666666666,0.47302158273381295,0.7916666666666666,0.47302158273381295
Adaptive v1,140,16,206.0,0.9375,0.9375,0.7708333333333334,0.4763392857142857,0.7708333333333334,0.4763392857142857
Adaptive v1,141,16,208.0,0.75,0.75,0.7638888888888888,0.4782801418439716,0.7638888888888888,0.4782801418439716
Adaptive v1,142,16,209.0,0.8125,0.8125,0.7569444444444444,0.48063380281690143,0.7569444444444444,0.48063380281690143
Adaptive v1,143,16,211.0,0.875,0.875,0.7430555555555556,0.4833916083916084,0.7430555555555556,0.4833916083916084
Adaptive v1,144,16,212.0,0.6875,0.6875,0.7430555555555556,0.4848090277777778,0.7430555555555556,0.4848090277777778
Adaptive v1,145,16,214.0,0.75,0.75,0.7430555555555556,0.4866379310344828,0.7430555555555556,0.4866379310344828
Adaptive v1,146,16,215.0,0.75,0.75,0.7638888888888888,0.4884417808219178,0.7638888888888888,0.4884417808219178
Adaptive v1,147,16,217.0,0.5625,0.5625,0.7569444444444444,0.48894557823129253,0.7569444444444444,0.48894557823129253
Adaptive v1,148,16,218.0,0.5625,0.5625,0.7291666666666666,0.48944256756756754,0.7291666666666666,0.48944256756756754
Adaptive v1,149,16,220.0,0.9375,0.9375,0.75,0.4924496644295302,0.75,0.4924496644295302
Adaptive v1,150,16,220.0,0.9375,0.9375,0.7569444444444444,0.49541666666666667,0.7569444444444444,0.49541666666666667
Adaptive v1,151,16,222.0,0.75,0.75,0.7638888888888888,0.49710264900662254,0.7638888888888888,0.49710264900662254
Adaptive v1,152,16,223.0,0.625,0.625,0.7847222222222222,0.4979440789473684,0.7847222222222222,0.4979440789473684
Adaptive v1,153,16,225.0,0.875,0.875,0.7986111111111112,0.5004084967320261,0.7986111111111112,0.5004084967320261
Adaptive v1,154,16,226.0,0.8125,0.8125,0.7777777777777778,0.502435064935065,0.7777777777777778,0.502435064935065
Adaptive v1,155,16,227.0,0.8125,0.8125,0.7638888888888888,0.5044354838709677,0.7638888888888888,0.5044354838709677
Adaptive v1,156,16,229.0,0.75,0.75,0.7569444444444444,0.5060096153846154,0.7569444444444444,0.5060096153846154
Adaptive v1,157,16,230.0,0.6875,0.6875,0.7430555555555556,0.5071656050955414,0.7430555555555556,0.5071656050955414
Adaptive v1,158,16,232.0,0.75,0.75,0.7013888888888888,0.5087025316455697,0.7013888888888888,0.5087025316455697
Adaptive v1,159,16,233.0,0.8125,0.8125,0.6944444444444444,0.5106132075471698,0.6944444444444444,0.5106132075471698
Adaptive v1,160,16,234.0,0.6875,0.6875,0.6666666666666666,0.51171875,0.6666666666666666,0.51171875
Adaptive v1,161,16,236.0,0.5,0.5,0.6666666666666666,0.5116459627329193,0.6666666666666666,0.5116459627329193
Adaptive v1,162,16,237.0,0.5,0.5,0.6527777777777778,0.5115740740740741,0.6527777777777778,0.5115740740740741
Adaptive v1,163,16,239.0,0.75,0.75,0.6388888888888888,0.5130368098159509,0.6388888888888888,0.5130368098159509
Adaptive v1,164,16,239.0,0.5625,0.5625,0.6180555555555556,0.5133384146341463,0.6180555555555556,0.5133384146341463
Adaptive v1,165,16,241.0,0.75,0.75,0.6319444444444444,0.5147727272727273,0.6319444444444444,0.5147727272727273
Adaptive v1,166,16,242.0,0.5625,0.5625,0.6458333333333334,0.5150602409638554,0.6458333333333334,0.5150602409638554
Adaptive v1,167,16,244.0,0.625,0.625,0.6736111111111112,0.5157185628742516,0.6736111111111112,0.5157185628742516
Adaptive v1,168,16,245.0,0.625,0.625,0.6640625,0.5163690476190477,0.6640625,0.5163690476190477
Adaptive v1,169,16,247.0,0.8125,0.8125,0.6785714285714286,0.5181213017751479,0.6785714285714286,0.5181213017751479
Adaptive v1,170,16,248.0,0.625,0.625,0.6666666666666666,0.51875,0.6666666666666666,0.51875
Adaptive v1,171,16,250.0,0.75,0.75,0.6875,0.5201023391812866,0.6875,0.5201023391812866
