method,version_bin_start,trajectory_count,version_min,version_max,effective_threshold,full_strategy_fraction,frontier_trigger_rate,imposed_horizon_mean,full_horizon_fraction,realized_turns_mean,realized_turns_median,available_turns_mean,masked_turns_mean,task_success_rate,prompt_truncated_rate
Fixed tau=0.1,0,64,0,3,0.1,0.0,0.765625,12.9375,0.234375,9.0625,7.0,16.0,6.9375,0.140625,0.859375
Fixed tau=0.1,5,64,5,9,0.1,0.0,0.609375,16.984375,0.390625,11.515625,10.5,17.046875,5.53125,0.09375,0.90625
Fixed tau=0.1,10,48,11,14,0.10000000000000002,0.0,0.6875,15.354166666666666,0.3125,10.875,10.0,18.1875,7.3125,0.08333333333333333,0.9166666666666666
Fixed tau=0.1,15,64,15,19,0.1,0.0,0.453125,21.0625,0.546875,13.109375,14.5,17.4375,4.328125,0.140625,0.859375
Fixed tau=0.1,20,48,20,23,0.10000000000000002,0.0,0.4375,21.125,0.5625,13.479166666666666,13.5,17.979166666666668,4.5,0.14583333333333334,0.8541666666666666
Fixed tau=0.1,25,64,25,29,0.1,0.0,0.34375,23.5625,0.65625,15.359375,15.0,17.75,2.390625,0.140625,0.859375
Fixed tau=0.1,30,48,31,34,0.10000000000000002,0.0,0.4166666666666667,21.3125,0.5833333333333334,13.270833333333334,13.0,17.75,4.479166666666667,0.16666666666666666,0.8333333333333334
Fixed tau=0.1,35,48,35,38,0.10000000000000002,0.0,0.3958333333333333,21.791666666666668,0.6041666666666666,12.3125,13.0,15.583333333333334,3.2708333333333335,0.2916666666666667,0.7083333333333334
Fixed tau=0.1,40,64,40,44,0.1,0.0,0.296875,23.625,0.703125,11.984375,11.0,14.96875,2.984375,0.296875,0.703125
Fixed tau=0.1,45,64,46,49,0.1,0.0,0.4375,21.265625,0.5625,11.9375,11.0,15.609375,3.671875,0.3125,0.6875
Fixed tau=0.1,50,48,51,53,0.10000000000000002,0.0,0.2916666666666667,23.1875,0.7083333333333334,12.291666666666666,11.5,15.666666666666666,3.375,0.25,0.75
Fixed tau=0.1,55,64,55,58,0.1,0.0,0.34375,22.3125,0.65625,11.125,10.0,13.875,2.75,0.359375,0.640625
Fixed tau=0.1,60,64,60,64,0.1,0.0,0.421875,20.625,0.578125,10.109375,8.0,13.703125,3.59375,0.375,0.625
Fixed tau=0.1,65,48,66,69,0.10000000000000002,0.0,0.4375,20.5625,0.5625,9.833333333333334,9.0,14.125,4.291666666666667,0.4791666666666667,0.5208333333333334
Fixed tau=0.1,70,48,70,73,0.10000000000000002,0.0,0.3541666666666667,22.458333333333332,0.6458333333333334,9.875,9.5,12.666666666666666,2.7916666666666665,0.3958333333333333,0.6041666666666666
Fixed tau=0.1,75,64,75,79,0.1,0.0,0.390625,21.53125,0.609375,9.703125,9.0,12.890625,3.1875,0.46875,0.53125
Fixed tau=0.1,80,48,81,84,0.10000000000000002,0.0,0.375,22.25,0.625,10.395833333333334,8.0,13.979166666666666,3.5833333333333335,0.4375,0.5625
Fixed tau=0.1,85,48,85,88,0.10000000000000002,0.0,0.3541666666666667,22.395833333333332,0.6458333333333334,9.020833333333334,7.0,12.020833333333334,3.0,0.5833333333333334,0.4166666666666667
Fixed tau=0.1,90,64,90,94,0.1,0.0,0.328125,23.03125,0.671875,9.96875,9.0,12.8125,2.84375,0.546875,0.453125
Fixed tau=0.1,95,48,96,99,0.10000000000000002,0.0,0.2708333333333333,24.75,0.7291666666666666,10.270833333333334,9.0,12.770833333333334,2.5,0.4791666666666667,0.5208333333333334
Fixed tau=0.1,100,48,100,103,0.10000000000000002,0.0,0.2708333333333333,24.145833333333332,0.7291666666666666,8.854166666666666,7.5,10.75,1.8958333333333333,0.625,0.375
Fixed tau=0.1,105,64,105,109,0.1,0.0,0.28125,23.765625,0.71875,9.953125,8.0,12.1875,2.234375,0.609375,0.390625
Fixed tau=0.1,110,48,111,114,0.10000000000000002,0.0,0.2916666666666667,24.4375,0.7083333333333334,9.125,8.0,11.458333333333334,2.3333333333333335,0.625,0.375
Fixed tau=0.1,115,48,115,118,0.10000000000000002,0.0,0.125,27.375,0.875,8.979166666666666,7.0,10.125,1.1458333333333333,0.6875,0.3125
Fixed tau=0.1,120,80,120,124,0.1,0.0,0.15,27.0,0.85,9.175,8.0,10.575,1.4,0.75,0.25
Fixed tau=0.1,125,48,126,129,0.10000000000000002,0.0,0.25,24.979166666666668,0.75,9.166666666666666,8.0,10.5625,1.3958333333333333,0.7083333333333334,0.2916666666666667
Fixed tau=0.1,130,64,130,134,0.1,0.0,0.15625,26.9375,0.84375,9.625,7.0,10.78125,1.15625,0.6875,0.3125
Fixed tau=0.1,135,48,135,138,0.10000000000000002,0.0,0.20833333333333334,25.645833333333332,0.7916666666666666,8.520833333333334,7.0,10.541666666666666,2.0208333333333335,0.7291666666666666,0.2708333333333333
Fixed tau=0.1,140,64,140,144,0.1,0.0,0.171875,26.390625,0.828125,9.359375,8.0,10.59375,1.234375,0.765625,0.234375
Fixed tau=0.1,145,48,146,149,0.10000000000000002,0.0,0.1875,25.833333333333332,0.8125,9.020833333333334,8.0,10.5625,1.5416666666666667,0.7291666666666666,0.2708333333333333
Fixed tau=0.1,150,48,150,153,0.10000000000000002,0.0,0.125,27.1875,0.875,8.291666666666666,7.5,9.666666666666666,1.375,0.7916666666666666,0.20833333333333334
Fixed tau=0.1,155,64,155,159,0.1,0.0,0.171875,26.46875,0.828125,9.765625,9.0,10.96875,1.203125,0.734375,0.265625
Fixed tau=0.1,160,48,161,164,0.10000000000000002,0.0,0.125,27.645833333333332,0.875,9.229166666666666,8.0,10.125,0.8958333333333334,0.7708333333333334,0.22916666666666666
Fixed tau=0.1,165,48,165,168,0.10000000000000002,0.0,0.125,27.708333333333332,0.875,9.583333333333334,8.0,10.5,0.9166666666666666,0.7083333333333334,0.2916666666666667
Fixed tau=0.1,170,64,170,174,0.1,0.0,0.078125,28.15625,0.921875,8.515625,7.5,9.28125,0.765625,0.765625,0.234375
Fixed tau=0.1,175,48,176,179,0.10000000000000002,0.0,0.041666666666666664,29.166666666666668,0.9583333333333334,8.604166666666666,7.5,8.875,0.2708333333333333,0.8125,0.1875
Fixed tau=0.1,180,48,180,183,0.10000000000000002,0.0,0.10416666666666667,27.5625,0.8958333333333334,9.5625,7.0,10.645833333333334,1.0833333333333333,0.6875,0.3125
Fixed tau=0.1,185,64,185,189,0.1,0.0,0.125,27.421875,0.875,8.546875,8.0,9.609375,1.0625,0.796875,0.203125
Fixed tau=0.1,190,48,191,194,0.10000000000000002,0.0,0.0625,28.645833333333332,0.9375,8.9375,7.0,9.645833333333334,0.7083333333333334,0.75,0.25
Fixed tau=0.1,195,48,195,198,0.10000000000000002,0.0,0.125,27.166666666666668,0.875,7.5,7.0,8.541666666666666,1.0416666666666667,0.8541666666666666,0.14583333333333334
Fixed tau=0.1,200,64,200,204,0.1,0.0,0.09375,28.09375,0.90625,8.015625,7.0,8.75,0.734375,0.890625,0.109375
Fixed tau=0.1,205,64,205,209,0.1,0.0,0.171875,26.53125,0.828125,8.84375,8.0,10.421875,1.578125,0.734375,0.265625
Fixed tau=0.1,210,48,210,213,0.10000000000000002,0.0,0.10416666666666667,27.979166666666668,0.8958333333333334,8.541666666666666,8.0,9.104166666666666,0.5625,0.8125,0.1875
Fixed tau=0.1,215,64,215,219,0.1,0.0,0.046875,28.90625,0.953125,7.96875,7.0,8.328125,0.359375,0.890625,0.109375
Fixed tau=0.1,220,64,220,224,0.1,0.0,0.03125,29.296875,0.96875,8.671875,7.0,9.078125,0.40625,0.84375,0.15625
Fixed tau=0.1,225,48,226,229,0.10000000000000002,0.0,0.0625,28.854166666666668,0.9375,8.583333333333334,8.0,8.958333333333334,0.375,0.8958333333333334,0.10416666666666667
Fixed tau=0.1,230,48,230,233,0.10000000000000002,0.0,0.125,27.8125,0.875,9.541666666666666,8.0,10.104166666666666,0.5625,0.7083333333333334,0.2916666666666667
Fixed tau=0.1,235,64,235,239,0.1,0.0,0.109375,28.09375,0.890625,9.046875,7.5,9.828125,0.78125,0.734375,0.265625
Fixed tau=0.1,240,48,241,244,0.10000000000000002,0.0,0.08333333333333333,28.4375,0.9166666666666666,9.833333333333334,8.5,10.395833333333334,0.5625,0.7708333333333334,0.22916666666666666
Fixed tau=0.1,245,56,245,250,0.1,0.0,0.07142857142857142,28.446428571428573,0.9285714285714286,8.0,7.0,8.678571428571429,0.6785714285714286,0.875,0.125
Linear anneal,0,64,0,3,0.1,0.0,0.765625,12.9375,0.234375,9.0625,7.0,16.0,6.9375,0.140625,0.859375
Linear anneal,5,64,5,9,0.1,0.0,0.609375,16.984375,0.390625,11.515625,10.5,17.046875,5.53125,0.09375,0.90625
Linear anneal,10,48,11,14,0.10000000000000002,0.0,0.6875,15.354166666666666,0.3125,10.875,10.0,18.1875,7.3125,0.08333333333333333,0.9166666666666666
Linear anneal,15,64,15,19,0.1,0.0,0.453125,21.0625,0.546875,13.109375,14.5,17.4375,4.328125,0.140625,0.859375
Linear anneal,20,48,20,23,0.10000000000000002,0.0,0.4375,21.125,0.5625,13.479166666666666,13.5,17.979166666666668,4.5,0.14583333333333334,0.8541666666666666
Linear anneal,25,64,25,29,0.1,0.0,0.34375,23.5625,0.65625,15.359375,15.0,17.75,2.390625,0.140625,0.859375
Linear anneal,30,48,31,34,0.10000000000000002,0.0,0.4166666666666667,21.3125,0.5833333333333334,13.270833333333334,13.0,17.75,4.479166666666667,0.16666666666666666,0.8333333333333334
Linear anneal,35,48,35,38,0.10000000000000002,0.0,0.3958333333333333,21.791666666666668,0.6041666666666666,12.3125,13.0,15.583333333333334,3.2708333333333335,0.2916666666666667,0.7083333333333334
Linear anneal,40,64,40,44,0.1,0.0,0.296875,23.625,0.703125,11.984375,11.0,14.96875,2.984375,0.296875,0.703125
Linear anneal,45,64,46,49,0.1,0.0,0.4375,21.265625,0.5625,11.9375,11.0,15.609375,3.671875,0.3125,0.6875
Linear anneal,50,48,51,53,0.10000000000000002,0.0,0.2916666666666667,23.1875,0.7083333333333334,12.291666666666666,11.5,15.666666666666666,3.375,0.25,0.75
Linear anneal,55,64,55,58,0.1,0.0,0.34375,22.3125,0.65625,11.125,10.0,13.875,2.75,0.359375,0.640625
Linear anneal,60,64,60,64,0.1,0.0,0.421875,20.625,0.578125,10.109375,8.0,13.703125,3.59375,0.375,0.625
Linear anneal,65,48,66,69,0.10000000000000002,0.0,0.4375,20.5625,0.5625,9.833333333333334,9.0,14.125,4.291666666666667,0.4791666666666667,0.5208333333333334
Linear anneal,70,48,70,73,0.10000000000000002,0.0,0.3541666666666667,22.458333333333332,0.6458333333333334,9.875,9.5,12.666666666666666,2.7916666666666665,0.3958333333333333,0.6041666666666666
Linear anneal,75,64,75,79,0.1,0.0,0.390625,21.53125,0.609375,9.703125,9.0,12.890625,3.1875,0.46875,0.53125
Linear anneal,80,64,80,84,0.12250000000000001,0.0,0.28125,24.03125,0.71875,10.953125,8.0,13.09375,2.140625,0.484375,0.515625
Linear anneal,85,48,86,89,0.18250000000000002,0.0,0.10416666666666667,28.0625,0.8958333333333334,10.625,8.5,11.5,0.875,0.5833333333333334,0.4166666666666667
Linear anneal,90,64,90,94,0.23500000000000001,0.0,0.078125,28.578125,0.921875,13.578125,14.0,14.15625,0.578125,0.453125,0.546875
Linear anneal,95,48,95,98,0.28750000000000003,0.0,0.0,30.0,1.0,13.833333333333334,14.0,13.833333333333334,0.0,0.4583333333333333,0.5416666666666666
Linear anneal,100,64,100,104,0.34750000000000003,0.0,0.015625,29.796875,0.984375,12.0,12.0,12.0,0.0,0.5625,0.4375
Linear anneal,105,48,106,109,0.40750000000000003,0.0,0.020833333333333332,29.979166666666668,0.9791666666666666,13.833333333333334,13.5,13.833333333333334,0.0,0.5,0.5
Linear anneal,110,48,110,113,0.45625,0.0,0.0,30.0,1.0,11.604166666666666,10.5,11.604166666666666,0.0,0.625,0.375
Linear anneal,115,64,115,119,0.51625,0.0,0.0,30.0,1.0,10.5,9.0,10.5,0.0,0.671875,0.328125
Linear anneal,120,48,120,123,0.56875,0.0,0.0,30.0,1.0,11.270833333333334,8.0,11.270833333333334,0.0,0.6875,0.3125
Linear anneal,125,64,125,129,0.6287499999999999,0.0,0.015625,29.796875,0.984375,12.171875,11.0,12.171875,0.0,0.609375,0.390625
Linear anneal,130,48,131,133,0.6849999999999999,0.0,0.0,30.0,1.0,10.1875,8.5,10.1875,0.0,0.7083333333333334,0.2916666666666667
Linear anneal,135,64,135,139,0.74125,0.0,0.0,30.0,1.0,10.484375,8.5,10.484375,0.0,0.75,0.25
Linear anneal,140,48,141,144,0.80125,0.0,0.0,30.0,1.0,10.104166666666666,8.5,10.104166666666666,0.0,0.7291666666666666,0.2708333333333333
Linear anneal,145,48,145,148,0.85,0.0,0.0,30.0,1.0,9.291666666666666,8.0,9.291666666666666,0.0,0.7916666666666666,0.20833333333333334
Linear anneal,150,64,150,154,0.9099999999999999,0.0,0.0,30.0,1.0,10.984375,9.0,10.984375,0.0,0.734375,0.265625
Linear anneal,155,48,156,159,0.9700000000000001,0.0,0.0,30.0,1.0,10.854166666666666,10.5,10.854166666666666,0.0,0.6666666666666666,0.3333333333333333
Linear anneal,160,48,160,163,,1.0,0.0,30.0,1.0,12.166666666666666,11.5,12.166666666666666,0.0,0.6041666666666666,0.3958333333333333
Linear anneal,165,64,165,169,,1.0,0.0,30.0,1.0,10.484375,8.0,10.484375,0.0,0.734375,0.265625
Linear anneal,170,48,171,173,,1.0,0.0,30.0,1.0,10.395833333333334,8.0,10.395833333333334,0.0,0.7291666666666666,0.2708333333333333
Linear anneal,175,64,175,179,,1.0,0.0,30.0,1.0,11.53125,11.0,11.53125,0.0,0.609375,0.390625
Linear anneal,180,48,180,183,,1.0,0.0,30.0,1.0,11.416666666666666,9.5,11.416666666666666,0.0,0.6458333333333334,0.3541666666666667
Linear anneal,185,64,185,189,,1.0,0.0,30.0,1.0,11.34375,8.0,11.34375,0.0,0.65625,0.34375
Linear anneal,190,48,191,194,,1.0,0.0,30.0,1.0,11.604166666666666,9.0,11.604166666666666,0.0,0.5833333333333334,0.4166666666666667
Linear anneal,195,48,195,198,,1.0,0.0,30.0,1.0,10.979166666666666,8.5,10.979166666666666,0.0,0.6666666666666666,0.3333333333333333
Linear anneal,200,64,200,204,,1.0,0.0,30.0,1.0,9.703125,7.5,9.703125,0.0,0.78125,0.21875
Linear anneal,205,64,206,209,,1.0,0.0,30.0,1.0,10.25,7.5,10.25,0.0,0.78125,0.21875
Linear anneal,210,48,211,214,,1.0,0.0,30.0,1.0,9.708333333333334,8.0,9.708333333333334,0.0,0.7916666666666666,0.20833333333333334
Linear anneal,215,48,215,218,,1.0,0.0,30.0,1.0,9.833333333333334,8.0,9.833333333333334,0.0,0.7708333333333334,0.22916666666666666
Linear anneal,220,64,220,223,,1.0,0.0,30.0,1.0,10.0,8.0,10.0,0.0,0.765625,0.234375
Linear anneal,225,64,225,229,,1.0,0.0,30.0,1.0,9.46875,8.0,9.46875,0.0,0.796875,0.203125
Linear anneal,230,48,230,233,,1.0,0.0,30.0,1.0,11.875,11.0,11.875,0.0,0.5833333333333334,0.4166666666666667
Linear anneal,235,64,235,239,,1.0,0.0,30.0,1.0,10.859375,8.0,10.859375,0.0,0.671875,0.328125
Linear anneal,240,48,241,244,,1.0,0.0,30.0,1.0,10.645833333333334,9.0,10.645833333333334,0.0,0.75,0.25
Linear anneal,245,57,245,250,,1.0,0.0,30.0,1.0,9.105263157894736,7.0,9.105263157894736,0.0,0.8596491228070176,0.14035087719298245
Immediate Vanilla,0,64,0,3,0.1,0.0,0.765625,12.9375,0.234375,9.0625,7.0,16.0,6.9375,0.140625,0.859375
Immediate Vanilla,5,64,5,9,0.1,0.0,0.609375,16.984375,0.390625,11.515625,10.5,17.046875,5.53125,0.09375,0.90625
Immediate Vanilla,10,48,11,14,0.10000000000000002,0.0,0.6875,15.354166666666666,0.3125,10.875,10.0,18.1875,7.3125,0.08333333333333333,0.9166666666666666
Immediate Vanilla,15,64,15,19,0.1,0.0,0.453125,21.0625,0.546875,13.109375,14.5,17.4375,4.328125,0.140625,0.859375
Immediate Vanilla,20,48,20,23,0.10000000000000002,0.0,0.4375,21.125,0.5625,13.479166666666666,13.5,17.979166666666668,4.5,0.14583333333333334,0.8541666666666666
Immediate Vanilla,25,64,25,29,0.1,0.0,0.34375,23.5625,0.65625,15.359375,15.0,17.75,2.390625,0.140625,0.859375
Immediate Vanilla,30,48,31,34,0.10000000000000002,0.0,0.4166666666666667,21.3125,0.5833333333333334,13.270833333333334,13.0,17.75,4.479166666666667,0.16666666666666666,0.8333333333333334
Immediate Vanilla,35,48,35,38,0.10000000000000002,0.0,0.3958333333333333,21.791666666666668,0.6041666666666666,12.3125,13.0,15.583333333333334,3.2708333333333335,0.2916666666666667,0.7083333333333334
Immediate Vanilla,40,64,40,44,0.1,0.0,0.296875,23.625,0.703125,11.984375,11.0,14.96875,2.984375,0.296875,0.703125
Immediate Vanilla,45,64,46,49,0.1,0.0,0.4375,21.265625,0.5625,11.9375,11.0,15.609375,3.671875,0.3125,0.6875
Immediate Vanilla,50,48,51,53,0.10000000000000002,0.0,0.2916666666666667,23.1875,0.7083333333333334,12.291666666666666,11.5,15.666666666666666,3.375,0.25,0.75
Immediate Vanilla,55,64,55,58,0.1,0.0,0.34375,22.3125,0.65625,11.125,10.0,13.875,2.75,0.359375,0.640625
Immediate Vanilla,60,64,60,64,0.1,0.0,0.421875,20.625,0.578125,10.109375,8.0,13.703125,3.59375,0.375,0.625
Immediate Vanilla,65,48,66,69,0.10000000000000002,0.0,0.4375,20.5625,0.5625,9.833333333333334,9.0,14.125,4.291666666666667,0.4791666666666667,0.5208333333333334
Immediate Vanilla,70,48,70,73,0.10000000000000002,0.0,0.3541666666666667,22.458333333333332,0.6458333333333334,9.875,9.5,12.666666666666666,2.7916666666666665,0.3958333333333333,0.6041666666666666
Immediate Vanilla,75,64,75,79,0.1,0.0,0.390625,21.53125,0.609375,9.703125,9.0,12.890625,3.1875,0.46875,0.53125
Immediate Vanilla,80,64,80,83,0.1,1.0,0.0,30.0,1.0,13.0625,14.0,13.0625,0.0,0.5,0.5
Immediate Vanilla,85,64,85,89,0.1,1.0,0.0,30.0,1.0,12.28125,11.0,12.28125,0.0,0.53125,0.46875
Immediate Vanilla,90,48,91,94,0.10000000000000002,1.0,0.0,30.0,1.0,13.375,13.0,13.375,0.0,0.5,0.5
Immediate Vanilla,95,48,95,98,0.10000000000000002,1.0,0.0,30.0,1.0,12.1875,11.5,12.1875,0.0,0.5416666666666666,0.4583333333333333
Immediate Vanilla,100,64,100,104,0.1,1.0,0.0,30.0,1.0,11.125,10.0,11.125,0.0,0.609375,0.390625
Immediate Vanilla,105,48,105,108,0.10000000000000002,1.0,0.0,30.0,1.0,14.145833333333334,13.5,14.145833333333334,0.0,0.4375,0.5625
Immediate Vanilla,110,64,110,114,0.1,1.0,0.0,30.0,1.0,12.265625,11.0,12.265625,0.0,0.5625,0.4375
Immediate Vanilla,115,48,116,119,0.10000000000000002,1.0,0.0,30.0,1.0,10.041666666666666,9.0,10.041666666666666,0.0,0.7083333333333334,0.2916666666666667
Immediate Vanilla,120,48,120,123,0.10000000000000002,1.0,0.0,30.0,1.0,10.729166666666666,8.0,10.729166666666666,0.0,0.75,0.25
Immediate Vanilla,125,64,125,129,0.1,1.0,0.0,30.0,1.0,11.140625,10.5,11.140625,0.0,0.6875,0.3125
Immediate Vanilla,130,48,131,134,0.10000000000000002,1.0,0.0,30.0,1.0,11.1875,9.0,11.1875,0.0,0.6666666666666666,0.3333333333333333
Immediate Vanilla,135,48,135,138,0.10000000000000002,1.0,0.0,30.0,1.0,10.625,8.0,10.625,0.0,0.7291666666666666,0.2708333333333333
Immediate Vanilla,140,64,140,144,0.1,1.0,0.0,30.0,1.0,11.671875,9.0,11.671875,0.0,0.609375,0.390625
Immediate Vanilla,145,48,146,149,0.10000000000000002,1.0,0.0,30.0,1.0,11.5,8.0,11.5,0.0,0.625,0.375
Immediate Vanilla,150,64,150,154,0.1,1.0,0.0,30.0,1.0,10.53125,8.0,10.53125,0.0,0.765625,0.234375
Immediate Vanilla,155,48,156,159,0.10000000000000002,1.0,0.0,30.0,1.0,10.583333333333334,9.5,10.583333333333334,0.0,0.6875,0.3125
Immediate Vanilla,160,48,160,163,0.10000000000000002,1.0,0.0,30.0,1.0,11.8125,8.5,11.8125,0.0,0.6041666666666666,0.3958333333333333
Immediate Vanilla,165,64,165,169,0.1,1.0,0.0,30.0,1.0,11.421875,9.0,11.421875,0.0,0.6875,0.3125
Immediate Vanilla,170,48,171,174,0.10000000000000002,1.0,0.0,30.0,1.0,10.729166666666666,8.0,10.729166666666666,0.0,0.7083333333333334,0.2916666666666667
Immediate Vanilla,175,48,175,178,0.10000000000000002,1.0,0.0,30.0,1.0,11.0625,8.5,11.0625,0.0,0.7083333333333334,0.2916666666666667
Immediate Vanilla,180,64,180,184,0.1,1.0,0.0,30.0,1.0,10.03125,7.5,10.03125,0.0,0.71875,0.28125
Immediate Vanilla,185,48,186,189,0.10000000000000002,1.0,0.0,30.0,1.0,10.6875,8.0,10.6875,0.0,0.6875,0.3125
Immediate Vanilla,190,64,190,194,0.1,1.0,0.0,30.0,1.0,11.453125,9.0,11.453125,0.0,0.625,0.375
Immediate Vanilla,195,64,196,199,0.1,1.0,0.0,30.0,1.0,11.234375,9.0,11.234375,0.0,0.703125,0.296875
Immediate Vanilla,200,48,201,203,0.10000000000000002,1.0,0.0,30.0,1.0,8.645833333333334,7.0,8.645833333333334,0.0,0.8333333333333334,0.16666666666666666
Immediate Vanilla,205,64,205,209,0.1,1.0,0.0,30.0,1.0,10.09375,8.0,10.09375,0.0,0.78125,0.21875
Immediate Vanilla,210,48,211,214,0.10000000000000002,1.0,0.0,30.0,1.0,9.208333333333334,8.0,9.208333333333334,0.0,0.8125,0.1875
Immediate Vanilla,215,48,215,218,0.10000000000000002,1.0,0.0,30.0,1.0,9.333333333333334,7.0,9.333333333333334,0.0,0.8541666666666666,0.14583333333333334
Immediate Vanilla,220,64,220,224,0.1,1.0,0.0,30.0,1.0,9.296875,8.0,9.296875,0.0,0.8125,0.1875
Immediate Vanilla,225,48,226,229,0.10000000000000002,1.0,0.0,30.0,1.0,9.916666666666666,8.0,9.916666666666666,0.0,0.75,0.25
Immediate Vanilla,230,48,230,233,0.10000000000000002,1.0,0.0,30.0,1.0,11.25,9.0,11.25,0.0,0.6458333333333334,0.3541666666666667
Immediate Vanilla,235,64,235,239,0.1,1.0,0.0,30.0,1.0,10.421875,9.0,10.421875,0.0,0.703125,0.296875
Immediate Vanilla,240,48,241,244,0.10000000000000002,1.0,0.0,30.0,1.0,10.645833333333334,9.0,10.645833333333334,0.0,0.7916666666666666,0.20833333333333334
Immediate Vanilla,245,54,245,250,0.1,1.0,0.0,30.0,1.0,9.703703703703704,7.0,9.703703703703704,0.0,0.7592592592592593,0.24074074074074073
TCOD F2B,0,176,0,4,,0.0,1.0,3.727272727272727,0.0,1.8181818181818181,2.0,,,0.0,0.0
TCOD F2B,5,96,5,9,,0.0,1.0,8.0,0.0,3.5,3.5,,,0.0,0.0
TCOD F2B,10,80,10,14,,0.0,1.0,10.8,0.0,4.5875,5.0,,,0.025,0.0
TCOD F2B,15,64,15,19,,0.0,1.0,13.0,0.0,5.453125,5.0,,,0.03125,0.0
TCOD F2B,20,64,20,24,,0.0,1.0,15.0,0.0,6.0625,6.0,,,0.125,0.0
TCOD F2B,25,64,25,29,,0.0,1.0,17.0,0.0,6.640625,7.0,,,0.234375,0.0
TCOD F2B,30,48,31,33,,0.0,1.0,18.666666666666668,0.0,7.625,8.0,,,0.14583333333333334,0.0
TCOD F2B,35,64,35,39,,0.0,1.0,20.5,0.0,8.234375,8.0,,,0.09375,0.0
TCOD F2B,40,48,40,43,,0.0,1.0,22.333333333333332,0.0,8.25,9.0,,,0.22916666666666666,0.0
TCOD F2B,45,64,45,49,,0.0,1.0,24.0,0.0,8.765625,10.0,,,0.34375,0.0
TCOD F2B,50,48,51,54,,0.0,1.0,25.666666666666668,0.0,9.083333333333334,10.0,,,0.375,0.0
TCOD F2B,55,48,55,58,,0.0,1.0,27.333333333333332,0.0,9.270833333333334,11.0,,,0.4791666666666667,0.0
TCOD F2B,60,64,60,64,,0.25,0.75,29.0,0.25,9.453125,11.0,10.1875,0.0,0.53125,0.015625
TCOD F2B,65,48,66,69,,1.0,0.0,30.0,1.0,9.8125,12.0,9.8125,0.0,0.4583333333333333,0.020833333333333332
TCOD F2B,70,48,70,73,,1.0,0.0,30.0,1.0,10.375,12.5,10.375,0.0,0.4375,0.08333333333333333
TCOD F2B,75,64,75,79,,1.0,0.0,30.0,1.0,10.1875,11.5,10.1875,0.0,0.546875,0.046875
TCOD F2B,80,64,80,84,,1.0,0.0,30.0,1.0,14.03125,14.5,14.03125,0.0,0.4375,0.5625
TCOD F2B,85,48,86,89,,1.0,0.0,30.0,1.0,11.916666666666666,11.5,11.916666666666666,0.0,0.5416666666666666,0.4583333333333333
TCOD F2B,90,64,90,94,,1.0,0.0,30.0,1.0,14.375,14.0,14.375,0.0,0.453125,0.546875
TCOD F2B,95,48,96,99,,1.0,0.0,30.0,1.0,11.520833333333334,10.0,11.520833333333334,0.0,0.5833333333333334,0.4166666666666667
TCOD F2B,100,48,100,103,,1.0,0.0,30.0,1.0,10.395833333333334,8.0,10.395833333333334,0.0,0.7291666666666666,0.2708333333333333
TCOD F2B,105,64,105,109,,1.0,0.0,30.0,1.0,11.765625,8.5,11.765625,0.0,0.59375,0.40625
TCOD F2B,110,48,111,114,,1.0,0.0,30.0,1.0,10.645833333333334,8.0,10.645833333333334,0.0,0.6875,0.3125
TCOD F2B,115,48,116,119,,1.0,0.0,30.0,1.0,11.4375,11.0,11.4375,0.0,0.7083333333333334,0.2916666666666667
TCOD F2B,120,48,120,123,,1.0,0.0,30.0,1.0,11.1875,9.0,11.1875,0.0,0.6875,0.3125
TCOD F2B,125,64,125,129,,1.0,0.0,30.0,1.0,10.828125,9.5,10.828125,0.0,0.6875,0.3125
TCOD F2B,130,48,131,134,,1.0,0.0,30.0,1.0,10.791666666666666,8.0,10.791666666666666,0.0,0.6875,0.3125
TCOD F2B,135,48,135,138,,1.0,0.0,30.0,1.0,11.458333333333334,8.0,11.458333333333334,0.0,0.6875,0.3125
TCOD F2B,140,64,140,144,,1.0,0.0,30.0,1.0,10.203125,8.0,10.203125,0.0,0.671875,0.328125
TCOD F2B,145,48,146,149,,1.0,0.0,30.0,1.0,10.041666666666666,8.0,10.041666666666666,0.0,0.6875,0.3125
TCOD F2B,150,48,150,153,,1.0,0.0,30.0,1.0,10.708333333333334,7.5,10.708333333333334,0.0,0.6666666666666666,0.3333333333333333
TCOD F2B,155,64,155,159,,1.0,0.0,30.0,1.0,10.375,8.5,10.375,0.0,0.75,0.25
TCOD F2B,160,48,161,164,,1.0,0.0,30.0,1.0,10.125,8.0,10.125,0.0,0.7291666666666666,0.2708333333333333
TCOD F2B,165,48,165,168,,1.0,0.0,30.0,1.0,9.25,8.0,9.25,0.0,0.8541666666666666,0.14583333333333334
TCOD F2B,170,64,170,174,,1.0,0.0,30.0,1.0,9.328125,7.5,9.328125,0.0,0.796875,0.203125
TCOD F2B,175,48,176,178,,1.0,0.0,30.0,1.0,10.520833333333334,7.5,10.520833333333334,0.0,0.75,0.25
TCOD F2B,180,64,180,184,,1.0,0.0,30.0,1.0,9.5,8.0,9.5,0.0,0.8125,0.1875
TCOD F2B,185,48,185,188,,1.0,0.0,30.0,1.0,9.104166666666666,7.0,9.104166666666666,0.0,0.8541666666666666,0.14583333333333334
TCOD F2B,190,64,190,194,,1.0,0.0,30.0,1.0,8.75,7.0,8.75,0.0,0.875,0.125
TCOD F2B,195,48,196,199,,1.0,0.0,30.0,1.0,9.416666666666666,8.0,9.416666666666666,0.0,0.7916666666666666,0.20833333333333334
TCOD F2B,200,48,200,203,,1.0,0.0,30.0,1.0,9.979166666666666,8.0,9.979166666666666,0.0,0.7291666666666666,0.2708333333333333
TCOD F2B,205,64,205,209,,1.0,0.0,30.0,1.0,11.640625,9.0,11.640625,0.0,0.671875,0.328125
TCOD F2B,210,48,211,213,,1.0,0.0,30.0,1.0,10.020833333333334,8.0,10.020833333333334,0.0,0.8125,0.1875
TCOD F2B,215,64,215,219,,1.0,0.0,30.0,1.0,9.734375,8.0,9.734375,0.0,0.8125,0.1875
TCOD F2B,220,64,221,224,,1.0,0.0,30.0,1.0,9.28125,8.0,9.28125,0.0,0.828125,0.171875
TCOD F2B,225,48,226,229,,1.0,0.0,30.0,1.0,10.708333333333334,9.5,10.708333333333334,0.0,0.6666666666666666,0.3333333333333333
TCOD F2B,230,48,231,234,,1.0,0.0,30.0,1.0,9.854166666666666,8.0,9.854166666666666,0.0,0.8125,0.1875
TCOD F2B,235,48,235,238,,1.0,0.0,30.0,1.0,8.395833333333334,7.0,8.395833333333334,0.0,0.8541666666666666,0.14583333333333334
TCOD F2B,240,64,240,244,,1.0,0.0,30.0,1.0,10.71875,9.0,10.71875,0.0,0.71875,0.28125
TCOD F2B,245,48,245,248,,1.0,0.0,30.0,1.0,9.979166666666666,8.0,9.979166666666666,0.0,0.7916666666666666,0.20833333333333334
