diagnostics_step,model_version,source,diagnostics_top_k,row_count,trajectory_count,complete_step,success_count,success_denominator,success_rate,timeout_rate,lost_rate,mean_env_rounds,valid_action_rate,response_tokens_total,mean_response_tokens,student_entropy_topk_mean,teacher_entropy_topk_mean,entropy_teacher_minus_student,student_surprisal_mean,teacher_surprisal_mean,surprisal_teacher_minus_student,sampled_forward_kl_mean,sampled_forward_kl_token_weighted,sampled_forward_kl_sum_mean_per_trajectory,sampled_reverse_kl_mean,sampled_reverse_kl_token_weighted,student_topk_mass_mean,teacher_topk_mass_mean,topk_mass_student_minus_teacher,rollout_success_rate_from_log,rollout_timeout_rate_from_log,rollout_rounds_mean_from_log,rollout_wait_explore_step_sec,rollout_run_execution_mean_sec,rollout_task_execution_mean_sec,experience_pipeline_total_sec
1,0,train,16,200,16,True,9,16,0.5625,0.4375,0.0,17.625,0.765,12463.0,62.315,0.2338331892507534,0.18244322133504348,-0.051389967915709905,0.24836879893978306,0.543270767102432,0.294901968162649,0.2949019681626487,0.29361791516997576,228.71000479771322,0.2949019681626487,0.29361791516997576,0.999004413867828,0.9995998408365927,-0.0005954269687646896,0.5625,,17.625,104.48199224472046,48.55424316227436,48.57491132616997,0.5287795066833496
2,1,train,16,263,16,True,6,16,0.375,0.625,0.0,22.5625,0.7262357414448669,17103.0,65.03041825095058,0.25182161646312523,0.21564528248322495,-0.03617633397990028,0.2675224972705439,0.555935376655331,0.2884128793847871,0.2884128793847867,0.2844327698212831,304.0408538908379,0.2884128793847867,0.2844327698212831,0.9983611035007789,0.9991991609787819,-0.0008380574780030292,0.375,,22.5625,125.30324172973633,73.10317258536816,73.12377721071243,0.6545155048370361
3,3,train,16,221,16,True,8,16,0.5,0.5,0.0,19.8125,0.8778280542986425,13349.0,60.4027149321267,0.26091806770812176,0.21008320171538067,-0.05083486599274109,0.2784815768719116,0.6075660443939163,0.32908446752200465,0.32908446752200493,0.32882610242900256,274.343727582797,0.32908446752200493,0.32882610242900256,0.9988339221194314,0.9995278455208075,-0.0006939234013760842,0.5,,19.8125,120.59861707687378,58.750699773430824,58.76831126213074,0.7581055164337158
4,4,train,16,255,16,True,5,16,0.3125,0.6875,0.0,24.1875,0.7254901960784313,15409.0,60.42745098039216,0.20367738614665715,0.1833255543555181,-0.020351831791139058,0.21295074271202205,0.4916337141710848,0.27868297145906273,0.27868297145906235,0.26740766572863145,257.5302950757801,0.27868297145906235,0.26740766572863145,0.998713294387812,0.9993875695666098,-0.0006742751787978118,0.3125,,24.1875,140.30397081375122,86.12762992084026,86.14849925041199,0.8558917045593262
5,6,train,16,261,16,True,3,16,0.1875,0.8125,0.0,25.125,0.6360153256704981,17560.0,67.27969348659003,0.25176962242323897,0.22505614879873165,-0.026713473624507322,0.2673283304136796,0.5776065471102434,0.3102782166965638,0.3102782166965639,0.3152926290310345,346.03366036156024,0.3102782166965639,0.3152926290310345,0.9985662137017414,0.9992202844793956,-0.0006540707776542254,0.1875,,25.125,142.61822319030762,93.7069178968668,93.72830674052238,0.8223977088928223
6,7,train,16,245,16,True,4,16,0.25,0.75,0.0,23.5,0.6204081632653061,15516.0,63.33061224489796,0.19535372542801385,0.18291232420892464,-0.01244140121908921,0.21204334871834257,0.4845644893535565,0.27252114063521393,0.2725211406352135,0.27457934646092397,266.27332123048103,0.2725211406352135,0.27457934646092397,0.9990101265423034,0.9994200404545814,-0.0004099139122780704,0.25,,23.5,153.7326135635376,82.92261508107185,82.94254404306412,0.7060270309448242
7,9,train,16,213,16,True,4,16,0.25,0.75,0.0,24.0,0.8262910798122066,13179.0,61.87323943661972,0.19080239069587937,0.19128378946918714,0.0004813987733077729,0.19387510259934282,0.4754833957224512,0.28160829312310837,0.2816082931231083,0.2828801085175527,233.00480938455155,0.2816082931231083,0.2828801085175527,0.9992777158576208,0.9995395423980243,-0.00026182654040352027,0.25,,24.0,142.32706451416016,86.62577871978283,86.6606054008007,0.745236873626709
8,10,train,16,218,16,True,7,16,0.4375,0.5625,0.0,20.125,0.7981651376146789,13661.0,62.6651376146789,0.16402277863543088,0.1591309908648926,-0.004891787770538281,0.1659875534897048,0.4435558100302759,0.2775682565405711,0.27756825654057093,0.2752102582326189,234.97795860723812,0.27756825654057093,0.2752102582326189,0.999544328824999,0.9997014682241473,-0.00015713939914829833,0.4375,,20.125,118.59833788871765,59.53964185714722,59.55771489441395,0.6032130718231201
9,12,train,16,237,16,True,5,16,0.3125,0.6875,0.0,22.5,0.7088607594936709,14393.0,60.729957805907176,0.13611952137077235,0.14055413027470573,0.004434608903933379,0.14183506329629775,0.3795763432585839,0.23774127996228617,0.23774127996228642,0.24684091500313737,222.0488306025098,0.23774127996228642,0.24684091500313737,0.9996734381214991,0.9997755718302465,-0.00010213370874734284,0.3125,,22.5,132.50128841400146,73.88181488215923,73.90111349523067,0.722923994064331
10,13,train,16,236,16,True,5,16,0.3125,0.6875,0.0,22.5,0.8135593220338984,15723.0,66.62288135593221,0.12577226580071224,0.14256880024314855,0.01679653444243631,0.1290131647112728,0.358712195023673,0.22969903031240022,0.2296990303124001,0.22848943879079575,224.53371538173013,0.2296990303124001,0.22848943879079575,0.9997495477038604,0.9997717642473863,-2.2216543525965804e-05,0.3125,,22.5,138.9380533695221,73.4004108607769,73.42119710147381,0.8862001895904541
11,15,train,16,208,16,True,8,16,0.5,0.5,0.0,18.6875,0.6057692307692307,15085.0,72.52403846153847,0.11414199815223383,0.1268460115182881,0.012704013366054256,0.11312706854958186,0.33497615636478967,0.2218490878152078,0.22184908781520776,0.20632084141598664,194.52186829750994,0.22184908781520776,0.20632084141598664,0.999793232065771,0.9998099284625421,-1.6696396771154198e-05,0.5,,18.6875,95.27467107772827,51.52702422440052,51.543925777077675,0.6907856464385986
12,16,train,16,251,16,True,4,16,0.25,0.75,0.0,23.75,0.7250996015936255,16608.0,66.16733067729083,0.10768553161889136,0.12355252422591624,0.015866992607024885,0.1069579954231363,0.30381531279201407,0.19685731736887777,0.19685731736887793,0.19780919317780749,205.32594251856412,0.19685731736887793,0.19780919317780749,0.9998303344090469,0.9998115918289346,1.874258011225205e-05,0.25,,23.75,145.81871509552002,88.04748514294624,88.06754471361637,0.6712124347686768
13,18,train,16,200,16,True,6,16,0.375,0.625,0.0,20.625,0.775,12859.0,64.295,0.12939066002203317,0.15217763141802573,0.02278697139599256,0.14605671115913846,0.43314247185603966,0.28708576069690117,0.2870857606969013,0.25825920004630665,207.55969083721592,0.2870857606969013,0.25825920004630665,0.999684368822369,0.9997029608052188,-1.8591982849813782e-05,0.375,,20.625,144.12171626091003,69.17388565838337,69.19290348887444,0.7652249336242676
14,19,train,16,242,16,True,6,16,0.375,0.625,0.0,22.6875,0.7768595041322314,14708.0,60.77685950413223,0.12715317805496446,0.1487397788571684,0.021586600802203953,0.13082363574558484,0.37176736277879824,0.2409437270332134,0.2409437270332131,0.24031756386909267,220.91192058666343,0.2409437270332131,0.24031756386909267,0.9997402505540861,0.9997644211932181,-2.4170639131959604e-05,0.375,,22.6875,145.04691815376282,76.12849596142769,76.14860191941261,0.7731325626373291
15,21,train,16,282,16,True,2,16,0.125,0.875,0.0,27.875,0.8368794326241135,17313.0,61.3936170212766,0.08956358993295362,0.13129019675335624,0.04172660682040262,0.09261013774298547,0.2939676044533512,0.2013574667103657,0.2013574667103658,0.20611556978452672,223.02992872996947,0.2013574667103658,0.20611556978452672,0.99989031838409,0.9997633512405376,0.00012696714355242555,0.125,,27.875,147.50936555862427,107.135661393404,107.15868861973286,0.8337349891662598
16,22,train,16,227,16,True,6,16,0.375,0.625,0.0,22.0625,0.7929515418502202,15059.0,66.33920704845815,0.10993979573854545,0.14055782997232527,0.030618034233779817,0.11054119844560764,0.35084592654513,0.24030472809952239,0.2403047280995223,0.2433124025691396,229.00259189304217,0.2403047280995223,0.2433124025691396,0.9998548989347039,0.9997867389315801,6.816000312381831e-05,0.375,,22.0625,116.49438905715942,68.6740363240242,68.69373500347137,0.7264578342437744
17,24,train,16,226,16,True,6,16,0.375,0.625,0.0,20.875,0.584070796460177,15494.0,68.5575221238938,0.08278717171961497,0.12076080753074167,0.0379736358111267,0.08014049465653872,0.2836526206455679,0.20351212598902918,0.2035121259890294,0.20168655216386897,195.30821495168652,0.2035121259890294,0.20168655216386897,0.9999066188769896,0.9998225648468554,8.405403013422852e-05,0.375,,20.875,119.0007393360138,64.3827865421772,64.4011716991663,0.647913932800293
18,25,train,16,214,16,True,7,16,0.4375,0.5625,0.0,19.9375,0.822429906542056,13472.0,62.953271028037385,0.10541883888183008,0.14180971564769482,0.036390876765864735,0.10777692112391732,0.34445987176942316,0.23668295064550585,0.23668295064550582,0.2404997657255807,202.50080274093898,0.23668295064550582,0.2404997657255807,0.9999075155180164,0.9997787106841631,0.0001288048338532466,0.4375,,19.9375,106.9807915687561,54.384163320064545,54.402747109532356,0.6003613471984863
19,27,train,16,212,16,True,4,16,0.25,0.75,0.0,23.9375,0.7783018867924528,14363.0,67.75,0.09860066466231712,0.127960733915972,0.02936006925365489,0.10320407482633219,0.3206455552443974,0.2174414804180652,0.21744148041806535,0.20640551684233935,185.28765240040758,0.21744148041806535,0.20640551684233935,0.9998979169210914,0.9998559179879619,4.1998933129505645e-05,0.25,,23.9375,126.60379791259766,85.25705336034298,85.27794142067432,0.739661693572998
20,28,train,16,222,16,True,8,16,0.5,0.5,0.0,18.625,0.6936936936936937,16406.0,73.90090090090091,0.11129722502735787,0.1379403033451241,0.026643078317766244,0.11259177751268652,0.3366870892253044,0.22409531171261787,0.22409531171261815,0.21833780638262348,223.87812821958258,0.22409531171261815,0.21833780638262348,0.999858288817905,0.9998178187152468,4.047010265817441e-05,0.5,,18.625,120.11716961860657,57.018584832549095,57.03579618036747,0.5503408908843994
21,30,train,16,208,16,True,8,16,0.5,0.5,0.0,18.5,0.6394230769230769,13559.0,65.1875,0.10267547470281861,0.13916561933143037,0.03649014462861176,0.09941715826741224,0.3452978226315776,0.24588066436416536,0.24588066436416525,0.2471358176958596,209.4321595086349,0.24588066436416525,0.2471358176958596,0.999900339288006,0.9998179712616404,8.236802636563123e-05,0.5,,18.5,123.59269380569458,53.54120272397995,53.558245941996574,0.5868091583251953
22,31,train,16,243,16,True,7,16,0.4375,0.5625,0.0,21.5625,0.7777777777777778,16429.0,67.60905349794238,0.1164951590305434,0.14421226945903712,0.027717110428493716,0.11751951438383706,0.3244439815630423,0.20692446717920526,0.20692446717920565,0.22030408741667423,226.2109907605338,0.20692446717920565,0.22030408741667423,0.9998102840810135,0.9997023661480067,0.00010791793300679586,0.4375,,21.5625,120.90514183044434,68.87618725001812,68.8950355052948,0.8854231834411621
23,33,train,16,232,16,True,4,16,0.25,0.75,0.0,24.0,0.6508620689655172,16630.0,71.68103448275862,0.1377522839584046,0.16884514553708138,0.031092861578676773,0.1395505711033932,0.39865275962906666,0.25910218852567346,0.2591021885256733,0.2659941539171077,276.4676737275938,0.2591021885256733,0.2659941539171077,0.9997293774368662,0.99966161277739,6.776465947622157e-05,0.25,,24.0,142.92327165603638,89.27617336809635,89.29675307869911,0.8580775260925293
24,34,train,16,220,16,True,7,16,0.4375,0.5625,0.0,19.5,0.6227272727272727,14308.0,65.03636363636363,0.13351408555404037,0.1555164891792271,0.02200240362518674,0.1355354072631102,0.3724814801426907,0.23694607287958053,0.23694607287958053,0.2353164976617269,210.43177803399934,0.23694607287958053,0.2353164976617269,0.9998027567702475,0.9997671118383659,3.564493188168427e-05,0.4375,,19.5,132.8179268836975,61.45279288291931,61.47014869749546,0.6387584209442139
25,36,train,16,204,16,True,8,16,0.5,0.5,0.0,19.625,0.7009803921568627,12930.0,63.38235294117647,0.13964668026914084,0.16478716028613163,0.02514048001699079,0.14059226243045808,0.3760121240482672,0.23541986161780915,0.23541986161780892,0.2347220923842996,189.68479090806213,0.23541986161780892,0.2347220923842996,0.9998272100701504,0.9997593815759589,6.782849419151304e-05,0.5,,19.625,123.29823613166809,61.82311353087425,61.84078845381737,0.6110818386077881
26,37,train,16,204,16,True,11,16,0.6875,0.3125,0.0,16.25,0.8578431372549019,13284.0,65.11764705882354,0.10182343742990176,0.11748041076954858,0.01565697333964683,0.10189715964249264,0.3021933767022034,0.2002962170597108,0.20029621705971073,0.2031908941086074,168.69923983367121,0.20029621705971073,0.2031908941086074,0.9999388394381437,0.9998942366481509,4.4602789992742586e-05,0.6875,,16.25,91.67815685272217,40.70921005308628,40.72428238391876,0.5068752765655518
27,39,train,16,164,16,True,9,16,0.5625,0.4375,0.0,15.9375,0.7682926829268293,10224.0,62.34146341463415,0.1353861452988869,0.16656804913740644,0.031181903838519542,0.1332600506013409,0.37553392433977384,0.24227387373843293,0.2422738737384328,0.2483376268933113,158.6877435848259,0.2422738737384328,0.2483376268933113,0.9998296388593259,0.999644558672812,0.00018508018651386404,0.5625,,15.9375,87.77149534225464,40.114618107676506,40.12963326275349,0.5445406436920166
28,40,train,16,223,16,True,6,16,0.375,0.625,0.0,21.8125,0.7757847533632287,14453.0,64.81165919282512,0.12346838429503465,0.14567063354050247,0.02220224924546782,0.12320040554537755,0.33601476477160247,0.21281435922622494,0.2128143592262249,0.21545685263814385,194.6248681986933,0.2128143592262249,0.21545685263814385,0.9998121700448374,0.9997663282467876,4.584179804978383e-05,0.375,,21.8125,138.80800914764404,78.55647483468056,78.57579962909222,0.8449685573577881
29,42,train,16,220,16,True,8,16,0.5,0.5,0.0,18.4375,0.6681818181818182,14963.0,68.01363636363637,0.11912681304743386,0.14332575780858772,0.024198944761153862,0.12110906037241169,0.34228917655238145,0.22118011617996974,0.2211801161799695,0.22166483133708265,207.2981794560479,0.2211801161799695,0.22166483133708265,0.9998689903666856,0.9997904749785393,7.851538814629411e-05,0.5,,18.4375,114.29268097877502,57.84392111003399,57.86106698215008,0.6068525314331055
30,43,train,16,165,16,True,9,16,0.5625,0.4375,0.0,16.375,0.8242424242424242,10827.0,65.61818181818182,0.12580909933203044,0.14494196639307863,0.019132867061048192,0.13193963971455835,0.37262775581309976,0.2406881160985414,0.2406881160985413,0.23777754453209973,160.90109216556522,0.2406881160985413,0.23777754453209973,0.9998725362151641,0.9998035657343128,6.897048085130475e-05,0.5625,,16.375,117.11293578147888,45.84066213667393,45.856196984648705,0.5085909366607666
31,45,train,16,211,16,True,7,16,0.4375,0.5625,0.0,20.4375,0.9004739336492891,13949.0,66.1090047393365,0.10677690434395486,0.13598981997942458,0.029212915635469724,0.10711767395689839,0.313658416143197,0.20654074218629861,0.20654074218629825,0.19996869974163792,174.33521204350674,0.20654074218629825,0.19996869974163792,0.999903776604485,0.9997855608063282,0.00011821579815685102,0.4375,,20.4375,116.0017478466034,67.16401940584183,67.18259620666504,0.6225121021270752
32,46,train,16,176,16,True,12,16,0.75,0.25,0.0,13.8125,0.7329545454545454,11156.0,63.38636363636363,0.09428064547170867,0.110551475035664,0.016270829563955327,0.09485427675626931,0.2621634763106144,0.16730919955434506,0.1673091995543451,0.17175259679499477,119.75449811531011,0.1673091995543451,0.17175259679499477,0.9999281798971709,0.9999028551663508,2.5324730820064367e-05,0.75,,13.8125,112.89214944839478,40.1228051930666,40.13688072562218,0.42391371726989746
33,48,train,16,227,16,True,6,16,0.375,0.625,0.0,21.6875,0.5814977973568282,15407.0,67.87224669603525,0.1286627757321158,0.15988911768001077,0.031226341947894976,0.13228630216724416,0.3546501901541464,0.22236388798690224,0.2223638879869025,0.21833264520277454,210.24069153994662,0.2223638879869025,0.21833264520277454,0.9998547903000257,0.9996944906917875,0.00016029960823815692,0.375,,21.6875,109.9851930141449,64.7689513117075,64.78806573152542,0.7857398986816406
34,49,train,16,189,16,True,8,16,0.5,0.5,0.0,18.875,0.8888888888888888,11417.0,60.407407407407405,0.11320489114844605,0.1384743107265754,0.02526941957812935,0.1142502424790411,0.3285007454226377,0.2142505029435966,0.21425050294359643,0.2171723693954363,154.96605883673095,0.21425050294359643,0.2171723693954363,0.9999040971075944,0.9998462164864756,5.7880621118777675e-05,0.5,,18.875,120.29121828079224,55.654303058981895,55.67150890827179,0.6686556339263916
35,51,train,16,252,16,True,6,16,0.375,0.625,0.0,23.0,0.7738095238095238,16814.0,66.72222222222223,0.11606453138264343,0.14401571179744763,0.027951180414804197,0.11802273242228391,0.3206659428878753,0.20264321046559142,0.20264321046559133,0.20092628679144225,211.1484116319568,0.20264321046559133,0.20092628679144225,0.9998530266382705,0.9997282814228028,0.00012474521546768091,0.375,,23.0,118.0870909690857,75.52001990377903,75.54055505990982,0.7337303161621094
36,52,train,16,202,16,True,8,16,0.5,0.5,0.0,18.875,0.8465346534653465,12442.0,61.59405940594059,0.1366636306746416,0.15536667216637537,0.01870304149173377,0.13809982298114437,0.37430208682155325,0.23620226384040888,0.2362022638404088,0.2357570214510585,183.33055380587936,0.2362022638404088,0.2357570214510585,0.9998171379747431,0.9997648578925666,5.2280082176503484e-05,0.5,,18.875,142.21568322181702,61.006121307611465,61.02358166873455,0.5891430377960205
37,54,train,16,208,16,True,6,16,0.375,0.625,0.0,20.9375,0.6682692307692307,13245.0,63.67788461538461,0.12949976542417582,0.15872846397011028,0.02922869854593446,0.13227612295011645,0.33894365073666916,0.2066675277865527,0.2066675277865529,0.21184357315280164,175.36675790055367,0.2066675277865529,0.21184357315280164,0.9998085967101648,0.999755564418372,5.303229179276503e-05,0.375,,20.9375,117.93735980987549,65.11158514022827,65.13013754785061,0.6828746795654297
38,55,train,16,218,16,True,6,16,0.375,0.625,0.0,21.1875,0.8211009174311926,12872.0,59.04587155963303,0.12629724555776098,0.14746701257061767,0.021169767012856694,0.13099246748551815,0.3450508402319971,0.21405837274647896,0.21405837274647868,0.22244908648529269,178.96029007741794,0.21405837274647868,0.22244908648529269,0.999883894672328,0.9997861412409041,9.775343142381931e-05,0.375,,21.1875,137.81467127799988,66.27922227978706,66.29852257668972,0.6555514335632324
39,57,train,16,254,16,True,6,16,0.375,0.625,0.0,22.5625,0.7519685039370079,15210.0,59.881889763779526,0.1193186704446706,0.14689187262175346,0.027573202177082867,0.12349710581408628,0.3278748770041445,0.20437777119005823,0.20437777119005845,0.20712712402191918,196.9002222733369,0.20437777119005845,0.20712712402191918,0.9998811396641748,0.9997951898557893,8.594980838549926e-05,0.375,,22.5625,146.9168417453766,80.41978894174099,80.43950581550598,0.6590490341186523
40,58,train,16,188,16,True,9,16,0.5625,0.4375,0.0,17.1875,0.8085106382978723,11479.0,61.058510638297875,0.10519803787468524,0.12526696678780344,0.020068928913118206,0.10616530823076104,0.3090900387232249,0.20292473049246385,0.20292473049246373,0.20337361079275834,145.90785489312952,0.20292473049246373,0.20337361079275834,0.9999253178163089,0.9998744288255796,5.0888990729247574e-05,0.5625,,17.1875,119.2004907131195,51.26942925155163,51.285450309515,0.5426070690155029
41,60,train,16,270,16,True,5,16,0.3125,0.6875,0.0,24.25,0.7185185185185186,16989.0,62.922222222222224,0.11251538694558769,0.14039294548548034,0.027877558539892655,0.11466396619660692,0.30875540064028884,0.19409143444368193,0.19409143444368204,0.19799207340022396,210.23045843727525,0.19409143444368204,0.19799207340022396,0.9998773445412976,0.9997415542549698,0.0001357902863278193,0.3125,,24.25,140.82401323318481,83.06202526390553,83.08293308317661,0.8800508975982666
42,61,train,16,214,16,True,7,16,0.4375,0.5625,0.0,20.0,0.7990654205607477,13813.0,64.54672897196262,0.0904477940183748,0.11562002738617688,0.025172233367802083,0.09114824157583101,0.2575632438576099,0.1664150022817789,0.16641500228177872,0.17302077928811105,149.37100151916746,0.16641500228177872,0.17302077928811105,0.9999288692534635,0.9998581637920705,7.070546139298362e-05,0.4375,,20.0,114.79873919487,57.947115540504456,57.96517162024975,0.6684646606445312
43,63,train,16,176,16,True,10,16,0.625,0.375,0.0,15.5625,0.8011363636363636,10308.0,58.56818181818182,0.12855930419803496,0.14999153753325364,0.02143223333521868,0.1281478071919415,0.36854937689421674,0.24040156970227525,0.2404015697022752,0.2465947700043551,158.86868057530575,0.2404015697022752,0.2465947700043551,0.9999051310257666,0.999831155022741,7.397600302561091e-05,0.625,,15.5625,91.97740864753723,41.51659753918648,41.53199464082718,0.5479340553283691
44,64,train,16,190,16,True,9,16,0.5625,0.4375,0.0,18.25,0.9105263157894737,11165.0,58.76315789473684,0.10474773018723395,0.1258275516606183,0.021079821473384344,0.10623219631702689,0.29288199903814743,0.18664980272112053,0.1866498027211206,0.19360274271063144,135.09841389776247,0.1866498027211206,0.19360274271063144,0.9999174465311675,0.9998772828838802,4.0163647287316806e-05,0.5625,,18.25,100.27196645736694,52.750378742814064,52.767397463321686,0.5828022956848145
45,66,train,16,167,16,True,11,16,0.6875,0.3125,0.0,13.875,0.8263473053892215,10861.0,65.03592814371258,0.10796408339477316,0.1295967978570172,0.021632714462244032,0.10508777012587066,0.305975474908598,0.20088770478272733,0.20088770478272705,0.20931382027169435,142.08483762317957,0.20088770478272705,0.20931382027169435,0.9999142829969924,0.9998480000496976,6.628294729471573e-05,0.6875,,13.875,90.36944508552551,35.14841811358929,35.16226464509964,0.6414079666137695
46,67,train,16,187,16,True,9,16,0.5625,0.4375,0.0,16.625,0.6898395721925134,11825.0,63.23529411764706,0.12407501833127653,0.1526964705353881,0.028621452204111567,0.127721539081029,0.3339711228918651,0.20624958381083608,0.20624958381083594,0.2046646325710894,151.25995500957075,0.20624958381083594,0.2046646325710894,0.9998378837318024,0.9997309597589439,0.00010692397285849697,0.5625,,16.625,114.4923985004425,49.08471842110157,49.10026481747627,0.5109457969665527
47,68,train,16,206,16,True,7,16,0.4375,0.5625,0.0,19.9375,0.8446601941747572,13328.0,64.69902912621359,0.11061346990910748,0.13857206059288776,0.027958590683780288,0.11099609075912868,0.3192007540170614,0.2082046632579327,0.208204663257933,0.20834444088423362,173.55091925656671,0.208204663257933,0.20834444088423362,0.9999150647275729,0.9998200098428806,9.505488469230272e-05,0.4375,,19.9375,145.4133174419403,73.02612826228142,73.0439532995224,0.5887942314147949
48,70,train,16,155,16,True,13,16,0.8125,0.1875,0.0,11.75,0.8516129032258064,10295.0,66.41935483870968,0.12532743713049269,0.14921888712418968,0.023891449993696995,0.12700493381581626,0.36069888354689333,0.23369394973107707,0.23369394973107674,0.2320138848581144,149.28643403839294,0.23369394973107674,0.2320138848581144,0.9999070544700775,0.9998083110761024,9.874339397519805e-05,0.8125,,11.75,65.3486897945404,27.422605738043785,27.43502175807953,0.4014713764190674
49,71,train,16,166,16,True,12,16,0.75,0.25,0.0,13.125,0.963855421686747,9898.0,59.626506024096386,0.11496440332948722,0.1326545006741229,0.017690097344635683,0.11253572214540095,0.3058830641799962,0.19334734203459528,0.19334734203459508,0.1982413437820857,122.63705129719276,0.19334734203459508,0.1982413437820857,0.999924592042825,0.999880100258092,4.4491784732980655e-05,0.75,,13.125,87.4750611782074,32.8070929646492,32.82054261863232,0.43657684326171875
50,73,train,16,244,16,True,8,16,0.5,0.5,0.0,19.1875,0.7377049180327869,15764.0,64.60655737704919,0.09937413506399802,0.12220120598126291,0.022827070917264894,0.09988975878970412,0.2869969367803293,0.18710717799062515,0.18710717799062523,0.1869703508012541,184.21253812693573,0.18710717799062523,0.1869703508012541,0.9999275661204937,0.9998555364858979,7.202963459584932e-05,0.5,,19.1875,121.29819631576538,60.67812378704548,60.69522522389889,0.554027795791626
51,74,train,16,174,16,True,11,16,0.6875,0.3125,0.0,15.5,0.8620689655172413,10689.0,61.43103448275862,0.10968026786694841,0.12789719187245052,0.018216924005502108,0.10784810516814956,0.30355765825182757,0.195709553083678,0.19570955308367816,0.19917687978437534,133.0626042509493,0.19570955308367816,0.19917687978437534,0.9999393794468917,0.9998713982243824,6.798122250928351e-05,0.6875,,15.5,94.38461232185364,41.8295476436615,41.84467189013958,0.48340940475463867
52,76,train,16,173,16,True,11,16,0.6875,0.3125,0.0,14.1875,0.8728323699421965,11057.0,63.91329479768786,0.11164510691079459,0.1395168505828093,0.027871743672014712,0.11159346954156085,0.2936957275270614,0.18210225798550056,0.18210225798550053,0.19406526258855858,134.11122552760577,0.18210225798550053,0.19406526258855858,0.9998598657778588,0.9997544905534498,0.00010537522440901004,0.6875,,14.1875,87.47772026062012,36.899040684103966,36.91348549723625,0.47412610054016113
53,77,train,16,162,16,True,12,16,0.75,0.25,0.0,13.3125,0.9259259259259259,10256.0,63.30864197530864,0.10998921254933865,0.1339909478626164,0.024001735313277747,0.10696264573669224,0.2994940219909078,0.19253137625421557,0.19253137625421554,0.19050007087922752,122.1105454335848,0.19253137625421554,0.19050007087922752,0.999930324654929,0.9998031005517477,0.0001272241031813337,0.75,,13.3125,84.56643891334534,32.94859433174133,32.962089225649834,0.4373338222503662
54,79,train,16,161,16,True,10,16,0.625,0.375,0.0,15.75,0.7950310559006211,10731.0,66.65217391304348,0.09726320823319931,0.11462019431851617,0.017356986085316856,0.09206377171761612,0.27860947679685955,0.18654570507924342,0.18654570507924326,0.1863058413806929,124.95299899101336,0.18654570507924326,0.1863058413806929,0.9999650184388175,0.9999153348265432,4.96836122743094e-05,0.625,,15.75,121.30244541168213,45.472734689712524,45.48770497739315,0.5862617492675781
55,80,train,16,195,16,True,10,16,0.625,0.375,0.0,15.75,0.8,12131.0,62.21025641025641,0.09563361110091191,0.12361932015032563,0.02798570904941372,0.09570506846378819,0.27904476220264884,0.18333969373886067,0.18333969373886036,0.18911821206843246,143.3870644126347,0.18333969373886036,0.18911821206843246,0.9999624814962967,0.9998958790591764,6.660243712031111e-05,0.625,,15.75,112.39298057556152,44.10980466008186,44.12518538534641,0.6401300430297852
56,82,train,16,195,16,True,8,16,0.5,0.5,0.0,19.0,0.7384615384615385,13287.0,68.13846153846154,0.10472861261013752,0.12202652999378572,0.017297917383648193,0.1047527992964285,0.27876406712039925,0.17401126782397075,0.17401126782397064,0.17738242620120478,147.305018558463,0.17401126782397064,0.17738242620120478,0.9999317076140722,0.9998506350721739,8.107254189837487e-05,0.5,,19.0,118.88890814781189,60.734597355127335,60.75203050673008,0.6620292663574219
57,83,train,16,158,16,True,11,16,0.6875,0.3125,0.0,14.625,0.8544303797468354,9350.0,59.177215189873415,0.09921307359056396,0.12773202574230713,0.028518952151743174,0.09770055183588372,0.2648322014385017,0.167131649602618,0.16713164960261795,0.16933340724746773,98.95420986023899,0.16713164960261795,0.16933340724746773,0.9999524083724555,0.9998932397499626,5.91686224928889e-05,0.6875,,14.625,98.38968229293823,39.81653840839863,39.83075188100338,0.518136739730835
58,85,train,16,192,16,True,11,16,0.6875,0.3125,0.0,15.0625,0.7291666666666666,12249.0,63.796875,0.09103933685896298,0.1128274561850308,0.02178811932606782,0.0898863112225672,0.25201233842386483,0.16212602720129765,0.16212602720129757,0.1657537445502103,126.89485106222035,0.16212602720129757,0.1657537445502103,0.9999263022670198,0.9998820961820782,4.420608494160039e-05,0.6875,,15.0625,79.46333050727844,37.17873151600361,37.1933528482914,0.5163023471832275
59,86,train,16,179,16,True,10,16,0.625,0.375,0.0,16.0625,0.9217877094972067,10992.0,61.40782122905028,0.09498032197053238,0.11966335195295472,0.024683029982422333,0.0964859503099197,0.2612970640842749,0.1648111137743552,0.1648111137743552,0.1712226695115442,117.62997395443088,0.1648111137743552,0.1712226695115442,0.9999647514458025,0.9999240791035863,4.067234221627469e-05,0.625,,16.0625,114.49596953392029,48.28178711235523,48.29670386016369,0.552311897277832
60,88,train,16,198,16,True,10,16,0.625,0.375,0.0,16.0625,0.6868686868686869,12763.0,64.45959595959596,0.07931195985002931,0.10564284351108756,0.02633088366105825,0.0819402620354092,0.2294581574860642,0.14751789545065502,0.14751789545065522,0.14439441992431043,115.1816238433734,0.14751789545065522,0.14439441992431043,0.9999574841855827,0.9999176621332104,3.982205237229586e-05,0.625,,16.0625,92.08356237411499,40.25037460029125,40.265256121754646,0.5292630195617676
61,89,train,16,157,16,True,11,16,0.6875,0.3125,0.0,13.25,0.7261146496815286,10281.0,65.48407643312102,0.10536272397095321,0.13573734146457572,0.03037461749362251,0.10315091964001658,0.28244203919911526,0.17929111955909868,0.1792911195590988,0.178769989595822,114.87089143966537,0.1792911195590988,0.178769989595822,0.9998940048320055,0.9998057661339237,8.823869808183282e-05,0.6875,,13.25,91.36748909950256,34.66543607413769,34.679145112633705,0.426607608795166
62,91,train,16,175,16,True,11,16,0.6875,0.3125,0.0,14.875,0.92,10526.0,60.14857142857143,0.08782647757103287,0.11289163413983021,0.025065156568797334,0.08809934015000215,0.24453166467566306,0.15643232452566092,0.1564323245256608,0.1564423372581907,102.91950262373224,0.1564323245256608,0.1564423372581907,0.9999671812464201,0.9999115262764672,5.565496995296737e-05,0.6875,,14.875,112.68598675727844,43.91669911146164,43.931054681539536,0.504197359085083
63,92,train,16,158,16,True,13,16,0.8125,0.1875,0.0,12.0625,0.9493670886075949,9594.0,60.721518987341774,0.0868987024904838,0.1124963025408024,0.025597600050318595,0.08792504413096562,0.26231291126692213,0.1743878671359565,0.17438786713595644,0.18097346084174268,108.51621145722996,0.17438786713595644,0.18097346084174268,0.9999476029438127,0.9998459687945657,0.00010163414924702074,0.8125,,12.0625,97.07471704483032,32.54548358917236,32.5578536093235,0.4220435619354248
64,94,train,16,188,16,True,8,16,0.5,0.5,0.0,18.0,0.8085106382978723,11283.0,60.015957446808514,0.1141896074209434,0.1509639214618706,0.036774314040927195,0.11422933153772902,0.30838485674368915,0.19415552520596013,0.19415552520596027,0.20341097485339416,143.44287682942797,0.19415552520596027,0.20341097485339416,0.9999055595327984,0.9997887243117217,0.0001168352210766388,0.5,,18.0,109.48873686790466,51.565508499741554,51.58193166553974,0.5493936538696289
65,95,train,16,212,16,True,10,16,0.625,0.375,0.0,16.3125,0.7594339622641509,14198.0,66.97169811320755,0.10489474070792763,0.13158587826500917,0.026691137557081537,0.10526875762495978,0.29059977639296697,0.18533101876800717,0.1853310187680074,0.1879793000709322,166.80813140044353,0.1853310187680074,0.1879793000709322,0.9999252956694283,0.9998672621378925,5.803353153588375e-05,0.625,,16.3125,113.2959201335907,45.14998218417168,45.16569010913372,0.5082950592041016
66,97,train,16,184,16,True,12,16,0.75,0.25,0.0,14.25,0.7445652173913043,11095.0,60.29891304347826,0.09144579328107309,0.11326028419215162,0.021814490911078524,0.09256327300040428,0.24500159019110088,0.15243831719069662,0.15243831719069664,0.15612471346734944,108.26273099501515,0.15243831719069664,0.15612471346734944,0.9999624721411841,0.9998930698555893,6.940228559471073e-05,0.75,,14.25,94.98404955863953,39.39120289683342,39.405265256762505,0.48107409477233887
67,98,train,16,194,16,True,10,16,0.625,0.375,0.0,15.625,0.8144329896907216,12261.0,63.20103092783505,0.1030924180256308,0.13280728762225305,0.029714869596622256,0.10508075106673898,0.2991442609224785,0.1940635098557395,0.19406350985573964,0.19820920681004112,151.89019279361975,0.19406350985573964,0.19820920681004112,0.9999363191568064,0.9998654298274857,7.088932932064473e-05,0.625,,15.625,97.98937773704529,43.47143191099167,43.4865809828043,0.4981207847595215
68,100,train,16,156,16,True,11,16,0.6875,0.3125,0.0,13.875,0.9166666666666666,9235.0,59.19871794871795,0.08570114485494192,0.11760491716679188,0.03190377231184996,0.08359335353345092,0.23319718016502103,0.14960382663157012,0.1496038266315702,0.15545963094595808,89.72935573662014,0.1496038266315702,0.15545963094595808,0.9999611022204095,0.9999079057971826,5.3196423226875567e-05,0.6875,,13.875,88.77035069465637,35.96713501214981,35.98121386766434,0.5673127174377441
69,100,train,16,213,16,True,9,16,0.5625,0.4375,0.0,18.0,0.7230046948356808,12307.0,57.779342723004696,0.09284803007246072,0.11534506912387038,0.022497039051409665,0.09093858168759765,0.23156189724130521,0.14062331555370755,0.1406233155537076,0.1443290965857941,111.01613698008543,0.1406233155537076,0.1443290965857941,0.9999236375855638,0.9998797868644381,4.385072112567112e-05,0.5625,,18.0,107.29174256324768,45.94872149825096,45.965420573949814,0.5501079559326172
70,102,train,16,211,16,True,12,16,0.75,0.25,0.0,16.0625,0.7914691943127962,13535.0,64.14691943127963,0.10769950518160924,0.13478194730849796,0.02708244212688872,0.11123622082052112,0.31795923121473063,0.2067230103942095,0.20672301039420946,0.2096783994331742,177.37482102050083,0.20672301039420946,0.2096783994331742,0.9999304168963765,0.9998484721517622,8.194474461431511e-05,0.75,,16.0625,84.76145315170288,41.96870297193527,41.983825489878654,0.7448482513427734
71,103,train,16,129,16,True,14,16,0.875,0.125,0.0,9.6875,0.813953488372093,7768.0,60.21705426356589,0.09356124792763282,0.11224033033062747,0.01867908240299465,0.09244344735501771,0.25823374500694474,0.16579029765192704,0.16579029765192696,0.16533980650583072,80.27247605858079,0.16579029765192696,0.16533980650583072,0.9999610214604951,0.9999210855298479,3.99359306472169e-05,0.875,,9.6875,66.65599346160889,23.34787106513977,23.35871694982052,0.40770554542541504
72,105,train,16,179,16,True,9,16,0.5625,0.4375,0.0,17.0625,0.7541899441340782,10937.0,61.100558659217874,0.10633285888129784,0.14050008518731463,0.03416722630601679,0.10646988111250422,0.2938352031601662,0.187365322047662,0.18736532204766215,0.18814009499064235,128.60551368204096,0.18736532204766215,0.18814009499064235,0.999958909450724,0.9998668860120851,9.202343863889961e-05,0.5625,,17.0625,115.90893912315369,51.11808577179909,51.13400790095329,0.5584897994995117
73,106,train,16,210,16,True,8,16,0.5,0.5,0.0,19.1875,0.8095238095238095,12517.0,59.60476190476191,0.08304023680290143,0.11133382935100598,0.028293592548104554,0.08346960184374308,0.2200004278208095,0.13653082597706642,0.13653082597706642,0.1399715804822529,109.50151705602245,0.13653082597706642,0.1399715804822529,0.9999555556867001,0.9998781046153216,7.745107137857588e-05,0.5,,19.1875,117.00432205200195,59.23372745513916,59.25132900476456,0.7875840663909912
74,108,train,16,163,16,True,12,16,0.75,0.25,0.0,13.0625,0.901840490797546,9385.0,57.576687116564415,0.10139761445530622,0.12803320846996338,0.026635594014657163,0.09762759114818688,0.2762462249682947,0.17861863382010784,0.17861863382010784,0.18614691248322132,109.18679835343954,0.17861863382010784,0.18614691248322132,0.9999422469683608,0.999868887640569,7.335932779173326e-05,0.75,,13.0625,64.74970316886902,30.296953961253166,30.310365706682205,0.5184800624847412
75,109,train,16,206,16,True,9,16,0.5625,0.4375,0.0,18.5,0.7281553398058253,12336.0,59.883495145631066,0.09464702897632692,0.12425968742189346,0.029612658445566542,0.10058304977361364,0.24895044566108998,0.14836739588747633,0.14836739588747638,0.1528616950348466,117.85636687186667,0.14836739588747638,0.1528616950348466,0.9998162296020202,0.999835280075853,-1.9050473832771253e-05,0.5625,,18.5,121.00478458404541,55.84148716926575,55.8585467338562,0.5843284130096436
76,111,train,16,235,16,True,7,16,0.4375,0.5625,0.0,21.0625,0.7106382978723405,14677.0,62.45531914893617,0.10385114432894807,0.13860704326245693,0.03475589893350886,0.10372480954008016,0.2681755255134452,0.16445071597336502,0.16445071597336502,0.1664278838108174,152.66637816821049,0.16445071597336502,0.1664278838108174,0.9999222938229166,0.9997876190804885,0.00013467474242812028,0.4375,,21.0625,130.00217032432556,68.38669872283936,68.40530586242676,0.703446626663208
77,112,train,16,246,16,True,7,16,0.4375,0.5625,0.0,20.125,0.6178861788617886,15801.0,64.23170731707317,0.09416431927229284,0.12440142291765065,0.03023710364535781,0.0918508923838978,0.25642033839786843,0.1645694460139706,0.16456944601397075,0.16980198709160535,167.6900748771535,0.16456944601397075,0.16980198709160535,0.9999433309687628,0.999830177756721,0.00011315321204175,0.4375,,20.125,119.10231971740723,62.3799382597208,62.39801023900509,0.5894088745117188
78,114,train,16,172,16,True,11,16,0.6875,0.3125,0.0,14.4375,0.7151162790697675,10815.0,62.877906976744185,0.0765216652478277,0.09830675551812697,0.021785090270299262,0.07814112882098406,0.19765443530069657,0.1195133064797125,0.11951330647971248,0.12347781768993414,83.46328739478982,0.11951330647971248,0.12347781768993414,0.9999534215709283,0.9999207635633853,3.265800754292947e-05,0.6875,,14.4375,91.4801299571991,38.08594137430191,38.1001338660717,0.4816606044769287
79,115,train,16,212,16,True,10,16,0.625,0.375,0.0,17.6875,0.7783018867924528,12770.0,60.235849056603776,0.09555022848062558,0.12422000712462684,0.028669778644001262,0.09549462313981609,0.24841562887310015,0.15292100573328404,0.15292100573328418,0.15649372172365097,124.90155165068894,0.15292100573328418,0.15649372172365097,0.9999649299526394,0.9999083308292078,5.6599123431588794e-05,0.625,,17.6875,114.59008407592773,55.14839522540569,55.164836168289185,0.5494880676269531
80,116,train,16,165,16,True,12,16,0.75,0.25,0.0,12.25,0.793939393939394,10765.0,65.24242424242425,0.09732566726730182,0.12169609169940969,0.024370424432107865,0.09102359380912713,0.2655741762184496,0.17455058240932247,0.17455058240932259,0.17157370305557024,115.43693208707579,0.17455058240932259,0.17157370305557024,0.9999652886607888,0.9999021220410611,6.316661972771698e-05,0.75,,12.25,85.25787925720215,28.462037041783333,28.474609285593033,0.42946386337280273
81,118,train,16,195,16,True,8,16,0.5,0.5,0.0,18.125,0.8153846153846154,11238.0,57.63076923076923,0.08880561517244026,0.1168447752878442,0.028039160115403944,0.08789596171316065,0.24753805825636976,0.1596420965432091,0.15964209654320904,0.1575174144549929,110.63629397782557,0.15964209654320904,0.1575174144549929,0.9999563291064419,0.9999011354585883,5.519364785366854e-05,0.5,,18.125,134.10630750656128,54.608140617609024,54.62459570169449,0.7441432476043701
82,119,train,16,163,16,True,12,16,0.75,0.25,0.0,13.75,0.8895705521472392,9195.0,56.41104294478528,0.09318810801285926,0.11804375806582845,0.02485565005296919,0.09821989005411823,0.24827893056655723,0.150059040512439,0.1500590405124389,0.15211326630065,87.41759272715481,0.1500590405124389,0.15211326630065,0.9999602912718231,0.9998819146344397,7.837663738341494e-05,0.75,,13.75,90.6171293258667,35.8431431055069,35.85743473470211,0.5383353233337402
83,121,train,16,154,16,True,13,16,0.8125,0.1875,0.0,12.3125,0.8246753246753247,9400.0,61.03896103896104,0.08618873385107563,0.11271611502625059,0.02652738117517496,0.08742552884049457,0.21148679995079336,0.1240612711102988,0.1240612711102987,0.12147644063357693,71.36740887222648,0.1240612711102987,0.12147644063357693,0.9999762529632138,0.9999447324474993,3.152051571453374e-05,0.8125,,12.3125,83.66967296600342,29.57229632139206,29.58480191230774,0.44119930267333984
84,122,train,16,180,16,True,10,16,0.625,0.375,0.0,15.5625,0.7777777777777778,11415.0,63.416666666666664,0.09494683864146766,0.12910492610880334,0.034158087467335674,0.09561198791757917,0.24034089179899953,0.14472890388142035,0.1447289038814203,0.1462693461960701,104.35403667675874,0.1447289038814203,0.1462693461960701,0.9999381062257657,0.9998516906573517,8.641556841404441e-05,0.625,,15.5625,92.98890113830566,41.14693780243397,41.16159914433956,0.5194363594055176
85,124,train,16,191,16,True,9,16,0.5625,0.4375,0.0,16.9375,0.8219895287958116,11659.0,61.04188481675393,0.09532555428144615,0.12926683198046976,0.03394127769902361,0.09672990016040277,0.2551903872092065,0.15846048704880372,0.15846048704880372,0.16366130157359965,119.2579446904124,0.15846048704880372,0.16366130157359965,0.9999527331921495,0.9998772347004254,7.549849172405754e-05,0.5625,,16.9375,109.68108654022217,49.79109488427639,49.80735296010971,0.5435507297515869
86,125,train,16,196,16,True,11,16,0.6875,0.3125,0.0,14.4375,0.6785714285714286,11303.0,57.66836734693877,0.0733346018850764,0.09961730312698816,0.02628270124191176,0.0710929700567693,0.1956576156937019,0.1245646456369326,0.12456464563693259,0.1291645661824096,91.24669322248592,0.12456464563693259,0.1291645661824096,0.9999669854195696,0.9999077733781805,5.921204138914504e-05,0.6875,,14.4375,79.3646137714386,32.69935888051987,32.71323451399803,0.46385908126831055
87,127,train,16,170,16,True,11,16,0.6875,0.3125,0.0,14.3125,0.8529411764705882,10346.0,60.858823529411765,0.09391150001558925,0.12275868698087958,0.02884718696529033,0.095891543770912,0.2577647418429758,0.16187319807206382,0.1618731980720638,0.16675960388294575,107.83092886080982,0.1618731980720638,0.16675960388294575,0.9999631189973475,0.9998688106203218,9.430837702562034e-05,0.6875,,14.3125,88.47634196281433,34.69353371858597,34.70741009712219,0.44698286056518555
88,128,train,16,200,16,True,9,16,0.5625,0.4375,0.0,16.5,0.725,12357.0,61.785,0.08117415515013766,0.11234110918599688,0.031166954035859215,0.07986664603716576,0.22376759162264875,0.143900945585483,0.1439009455854829,0.14275701550862238,110.25302754000299,0.1439009455854829,0.14275701550862238,0.9999587807020869,0.9999107767822548,4.8003919832062536e-05,0.5625,,16.5,88.07803392410278,43.31238427758217,43.32762202620506,0.5079772472381592
89,130,train,16,176,16,True,12,16,0.75,0.25,0.0,13.75,0.8806818181818182,10460.0,59.43181818181818,0.0902366219142229,0.12153577915664293,0.031299157242420036,0.08601804781485943,0.2433147949010041,0.15729674708614466,0.15729674708614474,0.16239194611306365,106.16373477141543,0.15729674708614474,0.16239194611306365,0.9999526190581759,0.9999010657871577,5.155327101824536e-05,0.75,,13.75,87.98911881446838,36.29586996138096,36.3092502951622,0.48223090171813965
90,131,train,16,202,16,True,9,16,0.5625,0.4375,0.0,17.125,0.7029702970297029,13138.0,65.03960396039604,0.07940143740664689,0.11154284697642898,0.03214140956978209,0.08233320163439099,0.23036769661494055,0.14803449498054955,0.14803449498054966,0.14903893392827636,122.37959462185592,0.14803449498054966,0.14903893392827636,0.9999355208044293,0.999877651496183,5.786930824625003e-05,0.5625,,17.125,92.97900247573853,46.44765621423721,46.463574424386024,0.5128459930419922
91,132,train,16,173,16,True,12,16,0.75,0.25,0.0,13.75,0.8439306358381503,9877.0,57.092485549132945,0.06944085489767543,0.09467418667618971,0.02523333177851428,0.07083861363278082,0.18402090250008143,0.11318228886730061,0.11318228886730058,0.11934215398142534,73.6714034296586,0.11318228886730058,0.11934215398142534,0.9999713822123969,0.9999094614202426,6.19207921542797e-05,0.75,,13.75,86.87303256988525,35.1639501452446,35.17753718793392,0.4443998336791992
92,134,train,16,159,16,True,10,16,0.625,0.375,0.0,15.125,0.8679245283018868,9698.0,60.9937106918239,0.08168758909125513,0.1128277304896876,0.031140141398432464,0.07935562566636667,0.20960697150647764,0.13025134584011097,0.130251345840111,0.1253696458092062,75.98967656610512,0.130251345840111,0.1253696458092062,0.9999686919754172,0.9999080179812389,6.067399417830632e-05,0.625,,15.125,110.88139295578003,41.74963554739952,41.76408503949642,0.5232217311859131
93,135,train,16,191,16,True,9,16,0.5625,0.4375,0.0,18.0625,0.7853403141361257,11510.0,60.261780104712045,0.08605791676475184,0.11912475337997995,0.03306683661522811,0.0857655661278884,0.23363382851709785,0.14786826238920947,0.14786826238920953,0.1500372128692772,107.93302000783632,0.14786826238920953,0.1500372128692772,0.9999523894585634,0.9998819068197049,7.048263885844896e-05,0.5625,,18.0625,123.91050910949707,54.75200778245926,54.76881904900074,0.855787992477417
94,137,train,16,156,16,True,13,16,0.8125,0.1875,0.0,11.9375,0.9038461538461539,9682.0,62.06410256410256,0.09341848880329244,0.12125986540972455,0.027841376606432114,0.09538229743693528,0.23768282383143016,0.14230052639449486,0.142300526394495,0.1426990726925975,86.350776363108,0.142300526394495,0.1426990726925975,0.9999619266588619,0.9999194009505522,4.2525708309648635e-05,0.8125,,11.9375,93.66418361663818,32.680479511618614,32.69305168092251,0.4385240077972412
95,138,train,16,192,16,True,11,16,0.6875,0.3125,0.0,15.1875,0.8177083333333334,10446.0,54.40625,0.08601247530354551,0.11490767697397204,0.02889520167042653,0.08779164526359184,0.2257425297410003,0.13795088447740844,0.13795088447740855,0.14084983439257148,91.95733562905008,0.13795088447740855,0.14084983439257148,0.99995409415929,0.9999105005888803,4.359357040972789e-05,0.6875,,15.1875,111.3998498916626,41.53062501549721,41.54568490386009,0.7111506462097168
96,140,train,16,147,16,True,13,16,0.8125,0.1875,0.0,11.5625,0.9523809523809523,8793.0,59.816326530612244,0.09914488671328113,0.11776344017263232,0.018618553459351192,0.09784898155598587,0.24773643872192136,0.1498874571659355,0.1498874571659356,0.15150614642119167,83.26209659259614,0.1498874571659356,0.15150614642119167,0.999967310536976,0.9999145858779994,5.272465897654399e-05,0.8125,,11.5625,87.67727589607239,29.61776912212372,29.630155757069588,0.5580534934997559
97,141,train,16,215,16,True,9,16,0.5625,0.4375,0.0,17.5,0.786046511627907,12541.0,58.330232558139535,0.09733001765519514,0.1305593605106142,0.033229342855419064,0.09856617832235703,0.24516058696132098,0.14659440863896395,0.1465944086389641,0.14800740907608903,116.01005732645211,0.1465944086389641,0.14800740907608903,0.9999216476555892,0.9998208839867043,0.00010076366888489563,0.5625,,17.5,111.20172715187073,50.54363937675953,50.55971121788025,0.5646483898162842
98,143,train,16,200,16,True,10,16,0.625,0.375,0.0,16.25,0.925,11700.0,58.5,0.08699908400062811,0.11179596595508066,0.02479688195445255,0.08588336200629695,0.23241847260781826,0.1465351106015213,0.14653511060152127,0.14942984388390507,109.27057334010561,0.14653511060152127,0.14942984388390507,0.9999573110421727,0.9998859820437471,7.132899842554608e-05,0.625,,16.25,113.08801198005676,46.72609616816044,46.741210490465164,0.5359282493591309
99,144,train,16,201,16,True,9,16,0.5625,0.4375,0.0,17.3125,0.900497512437811,12569.0,62.53233830845771,0.1128781743244032,0.13677027340433545,0.023892099079932255,0.11559038014558412,0.2774251868914224,0.1618348067458383,0.16183480674583844,0.16581806579724742,130.26045431285024,0.16183480674583844,0.16581806579724742,0.9999425753520886,0.9998468631517311,9.571220035753392e-05,0.5625,,17.3125,96.18513226509094,46.604886278510094,46.62090612947941,0.5184895992279053
100,146,train,16,170,16,True,13,16,0.8125,0.1875,0.0,11.875,0.8529411764705882,10157.0,59.747058823529414,0.08186505121357374,0.10125037964014688,0.019385328426573145,0.08295589839215353,0.2099043121217252,0.12694841372957166,0.1269484137295716,0.12846813492702938,81.55317790336484,0.1269484137295716,0.12846813492702938,0.9999615972225095,0.9999199821941958,4.16150283137906e-05,0.8125,,11.875,69.05032992362976,26.734521716833115,26.746874034404755,0.37721824645996094
101,147,train,16,159,16,True,12,16,0.75,0.25,0.0,13.1875,0.9056603773584906,9391.0,59.062893081761004,0.09722958344863206,0.11753041112085236,0.0203008276722203,0.09334202549293875,0.2493427563109166,0.15600073081797783,0.15600073081797766,0.16190615490654245,95.02879379545877,0.15600073081797766,0.16190615490654245,0.9999497073609013,0.999923936627115,2.5770733786290023e-05,0.75,,13.1875,88.57064008712769,35.306609347462654,35.319984808564186,0.5802593231201172
102,149,train,16,208,16,True,10,16,0.625,0.375,0.0,16.5625,0.8269230769230769,12814.0,61.60576923076923,0.07036634698608554,0.09337219597818845,0.02300584899210291,0.06909615392467977,0.19613863479766594,0.12704248087298617,0.12704248087298625,0.12856632520421837,102.96555569792835,0.12704248087298625,0.12856632520421837,0.999973587408395,0.9999412389417247,3.234846667032887e-05,0.625,,16.5625,93.17558288574219,42.570630729198456,42.58642479777336,0.5206413269042969
103,150,train,16,172,16,True,11,16,0.6875,0.3125,0.0,14.5,0.7965116279069767,11257.0,65.44767441860465,0.09158631585428967,0.1261063215796017,0.034520005725312025,0.09674322269933365,0.24435686865925257,0.14761364595991894,0.14761364595991885,0.1515182680046102,106.60257143299366,0.14761364595991885,0.1515182680046102,0.9999611059943586,0.9998998462790509,6.125971530768215e-05,0.6875,,14.5,83.36591100692749,35.623225927352905,35.637401193380356,0.48787426948547363
104,152,train,16,157,16,True,13,16,0.8125,0.1875,0.0,12.1875,0.89171974522293,9125.0,58.12101910828026,0.09123456922484266,0.12937248550975428,0.038137916284911616,0.09033766669056549,0.2285463188668079,0.1382086521762424,0.13820865217624215,0.14210694592688283,81.04536759892534,0.13820865217624215,0.14210694592688283,0.9999567570906097,0.9998622090700219,9.454802058783685e-05,0.8125,,12.1875,113.60443353652954,34.42713609337807,34.43999773263931,0.4461934566497803
105,153,train,16,186,16,True,12,16,0.75,0.25,0.0,14.3125,0.8655913978494624,11191.0,60.166666666666664,0.08464308673545376,0.11199277146488665,0.027349684729432888,0.08787597617187716,0.2128588725422113,0.12498289637033415,0.12498289637033418,0.13106962314965673,91.67500954173802,0.12498289637033418,0.13106962314965673,0.9999602130903172,0.9998992701903298,6.09428999874817e-05,0.75,,14.3125,92.47965383529663,36.96414631605148,36.97833141684532,0.4741702079772949
106,155,train,16,152,16,True,13,16,0.8125,0.1875,0.0,11.375,0.8026315789473685,8942.0,58.828947368421055,0.08869401755009865,0.11746620576537706,0.02877218821527841,0.08587525916783699,0.24060868479058145,0.15473342562274445,0.15473342562274447,0.16113841094487338,90.05622941681614,0.15473342562274447,0.16113841094487338,0.999959872771422,0.9998908023809349,6.907039048709152e-05,0.8125,,11.375,107.10228705406189,31.014957413077354,31.02702245116234,0.39843058586120605
107,156,train,16,174,16,True,11,16,0.6875,0.3125,0.0,14.125,0.8390804597701149,10023.0,57.60344827586207,0.07758846740961736,0.10689440440694083,0.029305936997323465,0.07849318836643987,0.21131177048681118,0.13281858212037131,0.13281858212037131,0.14116698348491033,88.4322922168285,0.13281858212037131,0.14116698348491033,0.9999501868041135,0.9998481743095325,0.00010201249458097195,0.6875,,14.125,87.57654476165771,34.548583537340164,34.562630623579025,0.7912909984588623
108,158,train,16,194,16,True,11,16,0.6875,0.3125,0.0,16.0,0.8402061855670103,11223.0,57.850515463917525,0.0804221002459826,0.11180149662065174,0.03137939637466913,0.08220030570999123,0.2149282319283865,0.13272792621839527,0.13272792621839524,0.14311823281263059,100.38849542850956,0.13272792621839524,0.14311823281263059,0.9999710558000072,0.9999103922348557,6.066356515155302e-05,0.6875,,16.0,84.8661994934082,43.346602723002434,43.36252200603485,0.5516338348388672
109,159,train,16,233,16,True,7,16,0.4375,0.5625,0.0,20.3125,0.6523605150214592,13072.0,56.103004291845494,0.08294400711628504,0.11533309568090841,0.03238908856462337,0.07991960207950317,0.2131702951155055,0.13325069303600234,0.1332506930360024,0.1379649042163837,112.71732674478547,0.1332506930360024,0.1379649042163837,0.9999584940203109,0.9998903952472469,6.809877306401813e-05,0.4375,,20.3125,142.81334829330444,68.65140672028065,68.6696244776249,1.0008196830749512
110,161,train,16,204,16,True,10,16,0.625,0.375,0.0,16.5625,0.8529411764705882,11841.0,58.044117647058826,0.07250744617063956,0.10205165543740392,0.029544209266764362,0.0720241216007652,0.191992523467037,0.11996840186627179,0.11996840186627164,0.12320538938719326,91.17968848335968,0.11996840186627164,0.12320538938719326,0.9999563439947695,0.9998816910161347,7.465297863484821e-05,0.625,,16.5625,85.96099996566772,41.90014722943306,41.91605068743229,0.586296796798706
111,162,train,16,189,16,True,9,16,0.5625,0.4375,0.0,17.9375,0.8571428571428571,11966.0,63.31216931216931,0.08913422360644259,0.12534540619249138,0.03621118258604879,0.08883977494315065,0.2289448131330594,0.14010503818990874,0.14010503818990877,0.16099647013200657,120.40523509997433,0.14010503818990877,0.16099647013200657,0.9999293990472169,0.999836405479113,9.299356810388293e-05,0.5625,,17.9375,111.09954786300659,52.7007277905941,52.71719293296337,0.5369973182678223
112,164,train,16,219,16,True,8,16,0.5,0.5,0.0,18.625,0.7214611872146118,11924.0,54.44748858447488,0.10031015550180601,0.14446789733554707,0.04415774183374106,0.09905876946520174,0.33668433960197386,0.2376255701367721,0.23762557013677213,0.2255935188454047,168.12356991953797,0.23762557013677213,0.2255935188454047,0.9999629330255759,0.9998168698869738,0.00014606313860210385,0.5,,18.625,110.58262991905212,49.95437639951706,49.971289828419685,0.5643854141235352
113,165,train,16,228,16,True,6,16,0.375,0.625,0.0,21.3125,0.7412280701754386,13746.0,60.28947368421053,0.07350439973165585,0.10550602973353129,0.03200163000187545,0.0731409320809688,0.20180756202341651,0.1286666299424477,0.12866662994244754,0.13083720993926665,112.40551798907244,0.12866662994244754,0.13083720993926665,0.9999596827449196,0.9998806622841306,7.902046078900327e-05,0.375,,21.3125,118.0897445678711,65.89276996254921,65.91208498179913,0.6860404014587402
114,167,train,16,185,16,True,9,16,0.5625,0.4375,0.0,16.5625,0.772972972972973,11214.0,60.616216216216216,0.07571848551877464,0.10746651395847384,0.031748028439699205,0.07845549833251068,0.21038720701719232,0.13193170868468163,0.13193170868468176,0.1367619359547895,95.8530218623131,0.13193170868468176,0.1367619359547895,0.9999761959129276,0.9999051242812338,7.107163169384201e-05,0.5625,,16.5625,105.78474688529968,45.99071353673935,46.006067246198654,0.5370073318481445
115,168,train,16,179,16,True,10,16,0.625,0.375,0.0,16.375,0.8212290502793296,10772.0,60.17877094972067,0.06940324798261903,0.09313598188941907,0.023732733906800044,0.06686982053636127,0.17683142471356106,0.10996160417719979,0.10996160417719966,0.10896623963116227,73.36152083167995,0.10996160417719966,0.10896623963116227,0.9999701248023333,0.9999371233115679,3.300149076534975e-05,0.625,,16.375,89.86858677864075,43.624135598540306,43.63935886323452,0.5504245758056641
116,170,train,16,192,16,True,9,16,0.5625,0.4375,0.0,17.5625,0.8229166666666666,10937.0,56.963541666666664,0.0924662480757348,0.12551853810757937,0.03305229003184458,0.09496928664936838,0.2370904874387945,0.1421212007894261,0.142121200789426,0.15435493395616737,105.51124454241265,0.142121200789426,0.15435493395616737,0.9999509109340076,0.999863140569698,8.777036430951402e-05,0.5625,,17.5625,110.68722987174988,49.27329523861408,49.2897829413414,0.6203417778015137
117,171,train,16,182,16,True,10,16,0.625,0.375,0.0,15.6875,0.9395604395604396,9845.0,54.09340659340659,0.07742849157220764,0.10674316849204575,0.029314676919838106,0.08574050957261273,0.19848625052515326,0.11274574095254053,0.11274574095254047,0.11570149115802537,71.19257377817254,0.11274574095254047,0.11570149115802537,0.9999735893460726,0.9998903202447116,8.326910136102761e-05,0.625,,15.6875,91.97830033302307,41.35106612741947,41.36627450585365,0.4823188781738281
118,173,train,16,125,16,True,14,16,0.875,0.125,0.0,9.375,0.984,7870.0,62.96,0.08944543105279981,0.11987486143712875,0.030429430384328937,0.09056240829512037,0.22497945863045302,0.13441705033533263,0.13441705033533263,0.13296997011846332,65.40460405201915,0.13441705033533263,0.13296997011846332,0.9999818748972422,0.999896725004496,8.514989274621687e-05,0.875,,9.375,78.96553778648376,24.059978380799294,24.070972740650177,0.6197371482849121
119,174,train,16,206,16,True,10,16,0.625,0.375,0.0,15.4375,0.7718446601941747,10369.0,50.33495145631068,0.07007083574182103,0.09801303679676043,0.0279422010549394,0.0737123254892227,0.19743445978308005,0.12372213429385735,0.12372213429385737,0.1189331067214071,77.07608647464193,0.12372213429385737,0.1189331067214071,0.9999800445341911,0.9999240555237567,5.5989010434354114e-05,0.625,,15.4375,80.16649270057678,36.32518172264099,36.34003682434559,0.5092036724090576
120,176,train,16,181,16,True,11,16,0.6875,0.3125,0.0,14.375,0.8121546961325967,10582.0,58.46408839779006,0.07948394837836725,0.11132737135460247,0.031843422976235214,0.07520120186860278,0.22145366120845372,0.14625245933985093,0.1462524593398509,0.13470593226665997,89.09113595286227,0.1462524593398509,0.13470593226665997,0.999970350416534,0.9998970088082229,7.334160831118375e-05,0.6875,,14.375,104.37766098976135,37.875095173716545,37.888932049274445,0.45176124572753906
121,177,train,16,148,16,True,12,16,0.75,0.25,0.0,12.25,0.8851351351351351,7898.0,53.36486486486486,0.06539770307038023,0.09776345953715408,0.03236575646677385,0.07438940212506517,0.2000549311004263,0.12566552897536112,0.1256655289753612,0.12349693203142657,60.96117307401294,0.1256655289753612,0.12349693203142657,0.9999898532150187,0.9999250156412339,6.483757378472621e-05,0.75,,12.25,76.97098183631897,28.091391623020172,28.104017212986946,0.4279634952545166
122,179,train,16,204,16,True,9,16,0.5625,0.4375,0.0,18.125,0.7549019607843137,11393.0,55.84803921568628,0.08589663443277898,0.1219384957245038,0.03604186129172482,0.08348315429197449,0.208375098601841,0.12489194430986651,0.12489194430986647,0.12485772501384679,88.90650381767227,0.12489194430986647,0.12485772501384679,0.9999080873183874,0.9998488504644584,5.923685392905664e-05,0.5625,,18.125,97.08174228668213,48.787250965833664,48.80390137434006,0.7678015232086182
123,180,train,16,187,16,True,9,16,0.5625,0.4375,0.0,17.25,0.786096256684492,11515.0,61.57754010695187,0.08515254695046598,0.1231919505106676,0.03803940356020162,0.084037196338313,0.2307233324607395,0.1466861361224265,0.14668613612242648,0.1363505454644722,98.12978318896228,0.14668613612242648,0.1363505454644722,0.9999309056854302,0.9998750961108045,5.580957462569813e-05,0.5625,,17.25,91.67385721206665,45.0964390784502,45.11300325393677,0.6595458984375
124,182,train,16,176,16,True,11,16,0.6875,0.3125,0.0,14.8125,0.7670454545454546,9313.0,52.91477272727273,0.08406053966150022,0.11925516035485256,0.035194620693352344,0.08977407554458817,0.22992888395177272,0.14015480840718453,0.1401548084071846,0.14154815580489966,82.38987343818944,0.1401548084071846,0.14154815580489966,0.9999691088862318,0.9999177382842036,5.1370602028200096e-05,0.6875,,14.8125,87.37985157966614,38.49967658519745,38.514264434576035,0.49764132499694824
125,183,train,16,157,16,True,11,16,0.6875,0.3125,0.0,13.6875,0.802547770700637,9786.0,62.3312101910828,0.08948093279514904,0.12128348989421028,0.03180255709906124,0.09805121658101579,0.22798380124066586,0.12993258465965007,0.12993258465965013,0.12889961782431353,78.83822875179577,0.12993258465965013,0.12889961782431353,0.9999560540143652,0.9998595482022442,9.650581212095055e-05,0.6875,,13.6875,79.17194056510925,32.369447350502014,32.383170664310455,0.4185507297515869
126,185,train,16,162,16,True,10,16,0.625,0.375,0.0,16.125,0.9691358024691358,9099.0,56.166666666666664,0.07203935683962764,0.10520138999306325,0.033162033153435605,0.0733474269372401,0.18637729352670773,0.11302986658946763,0.11302986658946759,0.09907703105470292,56.343869097921406,0.11302986658946759,0.09907703105470292,0.9999800374881328,0.9999371424735046,4.28950146281748e-05,0.625,,16.125,110.98574328422546,46.58182978630066,46.597320571541786,0.6080174446105957
127,186,train,16,188,16,True,12,16,0.75,0.25,0.0,14.125,0.7978723404255319,10453.0,55.601063829787236,0.0842948381826531,0.11890958401954332,0.034614745836890226,0.0837880811276447,0.21345424808056696,0.12966616695292227,0.1296661669529223,0.13484124700775316,88.0934721857527,0.1296661669529223,0.13484124700775316,0.9999176546444006,0.9998327140025965,8.494064180408767e-05,0.75,,14.125,80.76120471954346,36.32522439956665,36.391993671655655,0.44966936111450195
128,188,train,16,216,16,True,9,16,0.5625,0.4375,0.0,17.4375,0.75,13545.0,62.708333333333336,0.10344234275159803,0.14279147834109857,0.03934913558950054,0.10674175096796835,0.25926907921162845,0.1525273282436601,0.15252732824366028,0.15404902361825898,130.4121265568323,0.15252732824366028,0.15404902361825898,0.9999253426158639,0.9998127717080645,0.00011257090779936973,0.5625,,17.4375,108.37564206123352,48.62819202244282,48.644600227475166,0.5366642475128174
129,189,train,16,213,16,True,9,16,0.5625,0.4375,0.0,17.8125,0.6948356807511737,11448.0,53.74647887323944,0.0965406329327,0.13269304144219365,0.03615240850949365,0.10306637723963077,0.2689044834760196,0.1658381062363888,0.1658381062363888,0.15445424440643585,110.5120118728048,0.1658381062363888,0.15445424440643585,0.9999541889792906,0.9998641874771158,9.000150217475245e-05,0.5625,,17.8125,123.89489078521729,55.62318268418312,55.63962994515896,0.5649654865264893
130,191,train,16,147,16,True,13,16,0.8125,0.1875,0.0,11.5625,0.8367346938775511,9421.0,64.08843537414965,0.09966005642473107,0.12615204534989707,0.026491988925166007,0.09989016853702688,0.24046248976837709,0.14057232123135022,0.14057232123135044,0.14561943689974002,85.74254468952819,0.14057232123135044,0.14561943689974002,0.9999407693462307,0.9998565719337608,8.419741246989965e-05,0.8125,,11.5625,87.9699285030365,28.356979727745056,28.36931447684765,0.439342737197876
131,192,train,16,141,16,True,13,16,0.8125,0.1875,0.0,11.625,0.9148936170212766,8229.0,58.361702127659576,0.07498121841337246,0.09435052703168913,0.019369308618316664,0.07108679994652056,0.17652726134079014,0.10544046139426957,0.10544046139426959,0.10892433734184415,56.02114824912718,0.10544046139426959,0.10892433734184415,0.9999756523259296,0.9999431961356796,3.245619024994095e-05,0.8125,,11.625,69.85561656951904,25.44055712223053,25.452994033694267,0.5141196250915527
132,194,train,16,192,16,True,11,16,0.6875,0.3125,0.0,14.75,0.8072916666666666,10447.0,54.411458333333336,0.11115905916516798,0.14582797836626546,0.03466891920109748,0.12194509811475923,0.29654727798109387,0.17460217986633464,0.1746021798663345,0.1576721267039954,102.95004422978997,0.1746021798663345,0.1576721267039954,0.9999354236492994,0.9998239579504055,0.0001114656988939755,0.6875,,14.75,105.49312043190002,39.113892033696175,39.12891089916229,0.5365781784057617
133,194,train,16,203,16,True,8,16,0.5,0.5,0.0,18.4375,0.8226600985221675,11628.0,57.2807881773399,0.11090574362015997,0.14205773229112617,0.031151988670966205,0.11321856941172384,0.27570390241249904,0.1624853330007752,0.16248533300077542,0.15634958465412407,113.62706064738464,0.16248533300077542,0.15634958465412407,0.9999332767711887,0.9997971519388077,0.0001361248323810127,0.5,,18.4375,112.69644546508789,51.94689370691776,51.96384055912495,0.5712878704071045
134,196,train,16,196,16,True,9,16,0.5625,0.4375,0.0,17.9375,0.8316326530612245,11531.0,58.83163265306123,0.09411974123285406,0.1165958794101551,0.02247613817730104,0.09039466986849393,0.21688422740838353,0.1264895575398896,0.12648955753988952,0.12279358283596255,88.49580023009275,0.12648955753988952,0.12279358283596255,0.9999556830483824,0.9999239393953241,3.1743653058358134e-05,0.5625,,17.9375,111.88973498344421,51.32139328122139,51.338130846619606,0.5903983116149902
135,197,train,16,164,16,True,12,16,0.75,0.25,0.0,12.6875,0.8719512195121951,9450.0,57.6219512195122,0.09925221707352146,0.12918579270831748,0.029933575634796025,0.1000319496869897,0.2526423584894225,0.15261040880243282,0.15261040880243287,0.14627756673963724,86.39518785559825,0.15261040880243287,0.14627756673963724,0.9999306621391476,0.9998520739567682,7.858818237937992e-05,0.75,,12.6875,83.8643856048584,29.913319528102875,29.926190242171288,0.41248583793640137
136,198,train,16,151,16,True,12,16,0.75,0.25,0.0,12.75,0.9006622516556292,8446.0,55.93377483443709,0.08454235711239677,0.10802844342874883,0.02348608631635206,0.08197003191782982,0.20358816454910658,0.12161813263127676,0.12161813263127678,0.11799888430152325,62.288661050666555,0.12161813263127678,0.11799888430152325,0.9999649828751114,0.9998780706272257,8.69122478857065e-05,0.75,,12.75,82.86653542518616,30.897276386618614,30.91025510430336,0.4065999984741211
137,200,train,16,137,16,True,14,16,0.875,0.125,0.0,10.3125,0.9854014598540146,7955.0,58.065693430656935,0.09705550511238403,0.1205983992376383,0.023542894125254274,0.09938751893224497,0.2177249175197158,0.11833739858747082,0.11833739858747089,0.12055367875438622,59.9377821556964,0.11833739858747089,0.12055367875438622,0.9999667169383724,0.9999314594150963,3.525752327604437e-05,0.875,,10.3125,64.25670170783997,25.354406118392944,25.366056695580482,0.45702147483825684
138,201,train,16,198,16,True,11,16,0.6875,0.3125,0.0,15.5,0.7929292929292929,12522.0,63.24242424242424,0.0995790607907909,0.1265575982259687,0.026978537435177807,0.10006152151241474,0.2263938820442947,0.12633236053187996,0.12633236053188004,0.12800921003029697,100.18320799996107,0.12633236053188004,0.12800921003029697,0.9999334480340777,0.999867880367359,6.556766671872438e-05,0.6875,,15.5,113.38374543190002,47.849330976605415,47.86426015198231,0.5618758201599121
139,203,train,16,182,16,True,12,16,0.75,0.25,0.0,13.9375,0.8846153846153846,11272.0,61.934065934065934,0.0981663291482933,0.11994631393783527,0.021779984789541962,0.09814536919762053,0.23174364655643725,0.13359827735881674,0.13359827735881658,0.13262920514858234,93.4372750271762,0.13359827735881658,0.13262920514858234,0.9999491771709806,0.9998819286567396,6.724851424100287e-05,0.75,,13.9375,93.16618275642395,36.3919633179903,36.40591302514076,0.4670376777648926
140,204,train,16,135,16,True,13,16,0.8125,0.1875,0.0,11.0,0.8962962962962963,7674.0,56.84444444444444,0.0947226095883369,0.12421853388886206,0.029495924300525153,0.09648626551924784,0.2107461303839132,0.11425986486466537,0.11425986486466527,0.119506011087589,57.31807056788486,0.11425986486466527,0.119506011087589,0.9999689976535782,0.9999160676704478,5.292998313033426e-05,0.8125,,11.0,83.86872434616089,25.508197456598282,25.51974220573902,0.3965718746185303
141,206,train,16,118,16,True,14,16,0.875,0.125,0.0,9.5,0.9830508474576272,7823.0,66.29661016949153,0.09590855846923212,0.12498245630418796,0.029073897834955842,0.09836201553356341,0.21577857250999674,0.11741655697643333,0.11741655697643345,0.1214015963860778,59.35779303301793,0.11741655697643345,0.1214015963860778,0.9999627419734034,0.9998989245685995,6.381740480387865e-05,0.875,,9.5,87.0788848400116,24.46557804942131,24.476582497358322,0.37021970748901367
142,207,train,16,159,16,True,11,16,0.6875,0.3125,0.0,13.6875,0.8679245283018868,9836.0,61.861635220125784,0.09059885032531417,0.12007730014998572,0.029478449824671543,0.09480064353027662,0.21572483228091632,0.1209241887506397,0.12092418875063977,0.1251994599991511,76.96636803447814,0.12092418875063977,0.1251994599991511,0.9999471788146342,0.9998811021873052,6.607662732904807e-05,0.6875,,13.6875,88.5597665309906,35.95500402152538,35.96849225461483,0.45975637435913086
143,209,train,16,183,16,True,10,16,0.625,0.375,0.0,15.9375,0.7978142076502732,11062.0,60.44808743169399,0.10121049767256807,0.13424020853520163,0.033029710862633566,0.10090378801918981,0.2262855087654694,0.1253817207462796,0.12538172074627962,0.13081428713868903,90.44172777051114,0.12538172074627962,0.13081428713868903,0.999906512945472,0.9998017948856869,0.00010471805978506943,0.625,,15.9375,114.79322171211243,42.986683651804924,43.002006351947784,0.7861607074737549
144,210,train,16,168,16,True,13,16,0.8125,0.1875,0.0,12.5625,0.8869047619047619,10377.0,61.767857142857146,0.09030701133887876,0.11936725733514818,0.029060245996269413,0.08835622172370121,0.22698220471891334,0.13862598299521212,0.13862598299521217,0.1346266757513374,87.31381339197678,0.13862598299521217,0.1346266757513374,0.9999784374337508,0.9999293759668559,4.906146689487301e-05,0.8125,,12.5625,92.27863073348999,32.92809307575226,32.94116076827049,0.5820839405059814
145,212,train,16,169,16,True,13,16,0.8125,0.1875,0.0,12.1875,0.7988165680473372,10336.0,61.15976331360947,0.08283629787328366,0.11012316802621706,0.027286870152933407,0.08145224560202022,0.20819234886273028,0.12674010326071006,0.12674010326070995,0.13005694511512295,84.01678654436942,0.12674010326070995,0.13005694511512295,0.9999789486920145,0.9999138839230497,6.506476896483981e-05,0.8125,,12.1875,72.46605634689331,30.263741835951805,30.33674532175064,0.42058444023132324
146,213,train,16,161,16,True,13,16,0.8125,0.1875,0.0,11.75,0.8819875776397516,10290.0,63.91304347826087,0.08854600960566028,0.11385997962189079,0.025313970016230508,0.092458545895273,0.22408060786483297,0.13162206196955997,0.13162206196955994,0.13263681141643416,85.30204934219424,0.13162206196955994,0.13263681141643416,0.9999394908845033,0.9998803087374196,5.9182147083669534e-05,0.8125,,11.75,66.05282354354858,26.694358319044113,26.706474125385284,0.382504940032959
147,215,train,16,175,16,True,11,16,0.6875,0.3125,0.0,15.1875,0.84,9793.0,55.96,0.07876254003165686,0.10349497309938434,0.024732433067727475,0.0822829268897745,0.19571016096927496,0.11342723407950046,0.11342723407950042,0.11947579939843284,73.1266564693033,0.11342723407950042,0.11947579939843284,0.9999691394479363,0.9999377047377404,3.143471019595445e-05,0.6875,,15.1875,94.17203092575073,39.62307472527027,39.63813078403473,0.5393760204315186
148,216,train,16,158,16,True,12,16,0.75,0.25,0.0,12.375,0.8734177215189873,9084.0,57.49367088607595,0.0783195599966951,0.09916393091774105,0.02084437092104595,0.07583664493927034,0.17074327288736052,0.09490662794809018,0.09490662794809022,0.09696889930562688,55.05409258076964,0.09490662794809022,0.09696889930562688,0.9999735658292334,0.9999432780699462,3.0287759287150884e-05,0.75,,12.375,105.18267107009888,32.99375520646572,33.00651961565018,0.40315723419189453
149,218,train,16,137,16,True,13,16,0.8125,0.1875,0.0,10.5625,0.8102189781021898,8839.0,64.51824817518248,0.09142249861258667,0.12581331855854733,0.03439081994596066,0.0953413456320737,0.21657312177326196,0.12123177614118825,0.1212317761411883,0.12851371704971287,70.99579656265075,0.1212317761411883,0.12851371704971287,0.999958784469443,0.9998408943994789,0.00011789006996409945,0.8125,,10.5625,77.38786888122559,25.91930729150772,25.930981367826462,0.4630160331726074
150,218,train,16,122,16,True,15,16,0.9375,0.0625,0.0,8.3125,0.8852459016393442,8341.0,68.3688524590164,0.07791563727034778,0.09616520716933571,0.018249569898987933,0.07933359741682319,0.18384720714377922,0.10451360972695603,0.104513609726956,0.10205735417891737,53.20377445039685,0.104513609726956,0.10205735417891737,0.9999872629932487,0.9999590747598615,2.8188233387238526e-05,0.9375,,8.3125,72.57608699798584,21.92825159430504,21.93842163681984,0.45284438133239746
151,218,train,16,184,16,True,10,16,0.625,0.375,0.0,15.6875,0.8152173913043478,11208.0,60.91304347826087,0.0951922412205197,0.12338970158825538,0.028197460367735683,0.09801997342067094,0.21146602451725263,0.1134460510965817,0.1134460510965816,0.113708844353998,79.65304546997561,0.1134460510965816,0.113708844353998,0.9999594869680329,0.9999035425711945,5.594439683842545e-05,,,,,,,
