trainer_step,time_read_experience_sec,time_train_step_sec,time_step_sec,time_trainer_sync_interval_sec,time_sync_weight_sec,time_save_checkpoint_sec,sample_model_version,sample_task_count,critic_score_mean,perf_throughput_tokens_sec,actor_pg_loss,actor_final_loss,actor_ppo_kl,actor_grad_norm,actor_lr
1,105.43220138549805,12.949811935424805,12.94167447090149,118.58413314819336,0.9235703945159912,,0.0,9.0,1.0,5664.22066671669,0.08930874732322991,0.08930874755606055,0.00038091316673671827,15.726792335510254,1e-06
2,0.04721879959106445,33.89491820335388,33.884492333978415,,,,0.0,3.0,0.125,5938.896708752095,0.02642397820018232,0.0264239780488424,0.000399544618312575,12.448490142822266,1e-06
3,90.85947108268738,21.124937057495117,21.112874936312437,147.60817670822144,1.161778211593628,,1.0,6.0,0.671875,6240.481241775033,0.03800078020763716,0.0380007800246988,4.274912706543026e-05,12.299590110778809,1e-06
4,120.91014313697815,18.394413232803345,18.38447619229555,140.1367735862732,1.2248969078063965,,3.0,8.0,1.0,5983.526473607106,0.05468324090664586,0.05468324044098457,-0.0008817410007395665,14.973403930664062,1e-06
5,0.04714322090148926,34.90507650375366,34.89482657983899,,,,3.0,3.0,0.203125,5902.0210210470195,0.026009022910147905,0.02600902288686484,0.0007998561188287568,10.358409881591797,1e-06
6,105.0397961139679,16.332610607147217,16.32344249635935,157.86550569534302,1.2369754314422607,,4.0,6.0,0.890625,6517.222088645023,0.04652435858733952,0.04652435779571533,0.00046548959653591737,8.724411964416504,1e-06
7,143.0876157283783,34.70171761512756,34.69168518483639,178.52527809143066,1.0448203086853027,,6.0,5.0,0.1875,5932.156333816638,0.024375718319788575,0.024375718343071638,5.920439725741744e-05,10.343582153320312,1e-06
8,0.04482603073120117,36.87936234474182,36.86942347511649,,,,6.0,3.0,0.0,5849.372723323241,0.013364027545321733,0.01336402753209272,0.0005651868960037311,8.252620697021484,1e-06
9,116.19572758674622,29.63430666923523,29.624596890062094,184.1268539428711,2.462394952774048,,7.0,6.0,0.25,6032.014567595537,0.03165164946888884,0.031651649365408555,0.0013472946415681185,14.691134452819824,1e-06
10,141.46900296211243,27.751200199127197,27.7411081045866,169.57285499572754,1.1485381126403809,,9.0,6.0,0.375,6005.383756550651,0.029705737775657326,0.029705737601034343,0.0012396514266583836,11.205047607421875,1e-06
11,0.04932069778442383,43.07954525947571,43.0692197419703,,,,9.0,3.0,0.0,5891.806295081755,0.010816244061667627,0.010816244020437201,0.0005624225862751094,5.2496466636657715,1e-06
12,74.76327466964722,15.104189395904541,15.09377771243453,134.67473673820496,1.774564504623413,,10.0,8.0,0.8125,6458.8866920762175,0.05894191795960069,0.05894191712141037,0.0007270351736224257,14.987701416015625,1e-06
13,132.3057096004486,25.55180025100708,25.53987618163228,158.34350538253784,1.246699333190918,,12.0,7.0,0.46875,5927.31926041487,0.03143653969709703,0.03143653968254512,-0.00010968507422148832,14.178735733032227,1e-06
14,0.05392169952392578,41.11638259887695,41.10396248847246,,,,12.0,3.0,0.0,5813.952853499722,0.011661635270381035,0.011661635231575929,-0.0003454662873991765,8.383830070495605,1e-06
15,97.13484120368958,25.74305558204651,25.731557928025723,165.49458694458008,0.9889013767242432,,13.0,7.0,0.46875,6154.8352588284715,0.0275658200844191,0.027565820069867186,-0.00028268170219192257,12.68130111694336,1e-06
16,95.64026308059692,13.497878313064575,13.489809092134237,110.10717916488647,1.1325664520263672,,15.0,9.0,0.921875,6364.69348184202,0.06536263879388571,0.06536263879388571,0.00015452444858965464,14.148382186889648,1e-06
17,0.04576253890991211,37.952446937561035,37.942283265292645,,,,15.0,3.0,0.0,5877.044837836016,0.01062704608210135,0.010627046031831096,0.0003035028992764472,7.4238409996032715,1e-06
18,107.10570192337036,26.998323440551758,26.987925071269274,173.60207319259644,1.1909804344177246,,16.0,6.0,0.3125,6133.391120765219,0.03039373879437335,0.03039373882347718,0.00040457043314745533,12.354056358337402,1e-06
19,144.4905128479004,23.182539701461792,23.17061322927475,168.05733108520508,1.1009254455566406,,18.0,8.0,0.46875,5985.426394532284,0.033861750670309575,0.033861750936401744,0.0015060975856613368,12.198807716369629,1e-06
20,0.059514522552490234,39.760820150375366,39.750448036938906,,,27.27130103111267,18.0,3.0,0.0,5871.984129162402,0.019004986764312806,0.01900498669023033,0.0016275349010935645,13.215729713439941,1e-06
21,77.42694425582886,17.663346529006958,17.65380699187517,163.17851185798645,1.2239410877227783,,19.0,7.0,0.984375,6060.590786408918,0.053578417538665234,0.053578417748212814,0.0003633845163676597,10.892918586730957,1e-06
22,147.92121958732605,25.910821199417114,25.900483541190624,174.775315284729,1.4064488410949707,,21.0,4.0,0.40625,5985.081311453926,0.017887977628561202,0.017887977592181414,-3.3045052987290546e-05,9.03617000579834,1e-06
23,0.05573296546936035,40.80690026283264,40.796684090048075,,,,21.0,3.0,0.0,5956.746373396584,0.0075800499222774915,0.007580049876802756,9.34186300582951e-05,7.550008773803711,1e-06
24,74.93017506599426,17.8752601146698,17.86661511287093,135.15198040008545,1.1841681003570557,,22.0,7.0,0.828125,6182.2846298641225,0.0391399438570564,0.03913994366303086,-8.839603136342096e-05,10.021486282348633,1e-06
25,119.21193552017212,26.897241353988647,26.885481737554073,146.63253331184387,1.1145544052124023,,24.0,7.0,0.53125,6015.774668976199,0.02415221770934295,0.02415221743285656,0.0007109185693252584,9.104609489440918,1e-06
26,0.04675030708312988,39.54990839958191,39.53761211037636,,,,24.0,3.0,0.0,5845.408654291136,0.011333439631264562,0.011333439578348507,0.0009492505469782228,11.633049011230469,1e-06
27,66.57539439201355,15.53852128982544,15.526917159557343,123.4909679889679,1.3251030445098877,,25.0,8.0,0.765625,6407.453519436199,0.061502037849277255,0.06150203738361597,0.0007898284413386137,13.090078353881836,1e-06
28,127.14662575721741,31.68647027015686,31.674681693315506,159.47873997688293,1.5710172653198242,,27.0,6.0,0.359375,5878.780465828539,0.019861864902648248,0.0198618649220508,-0.00024545325151039934,10.118497848510742,1e-06
29,0.04868459701538086,44.965479135513306,44.95370290055871,,,,27.0,3.0,0.0,5873.8653984546,0.012167502358911756,0.012167502242496435,0.0006725826024194248,8.444314002990723,1e-06
30,73.91633462905884,11.667358875274658,11.658339038491249,132.08398175239563,1.274003505706787,,28.0,9.0,0.90625,6638.681526113527,0.07490923441946507,0.07490923488512635,0.0009628024581616046,12.875642776489258,1e-06
31,123.60932183265686,13.442099571228027,13.433071490377188,137.19933223724365,1.170619249343872,,30.0,9.0,0.875,6334.254981145105,0.07622331805760041,0.07622331799939275,0.00035529485103324987,13.127167701721191,1e-06
32,0.05680394172668457,41.55161929130554,41.53939372673631,,,,30.0,3.0,0.0,5755.151400924961,0.014429292471807761,0.014429292311736694,8.578078541177092e-05,8.117694854736328,1e-06
33,78.75856924057007,14.88481593132019,14.874618735164404,136.95405888557434,1.0350885391235352,,31.0,7.0,1.0,6530.621169492876,0.04711364838294685,0.04711364861577749,-0.00018614902801346035,9.88329029083252,1e-06
34,143.48953771591187,24.391231775283813,24.379736080765724,168.2305235862732,2.5709006786346436,,33.0,6.0,0.375,6090.303828889378,0.03393577152330961,0.03393577132374048,-0.0005193840302776412,10.904901504516602,1e-06
35,0.04625058174133301,43.7325279712677,43.720597963780165,,,,33.0,3.0,0.0,5858.165531317339,0.010928340758255217,0.010928340818888197,0.000210142564537108,7.222465991973877,1e-06
36,86.93298292160034,20.601295948028564,20.589609708637,152.86880683898926,1.4016361236572266,,34.0,8.0,0.65625,6193.147990877641,0.034416901568571724,0.03441690172379216,0.000613851094385609,11.592312812805176,1e-06
37,123.25875663757324,14.792042255401611,14.78181803971529,138.52973890304565,1.302070140838623,,36.0,8.0,1.0,6233.84077333527,0.0496935875620693,0.04969358686357737,0.0002653940871823579,10.935932159423828,1e-06
38,0.04696393013000488,42.33373284339905,42.3194183409214,,,,36.0,3.0,0.15625,5727.737041357513,0.012997742863565994,0.012997742485216198,0.0006325636021493608,6.850555896759033,1e-06
39,48.288827419281006,12.913834571838379,12.90451479330659,105.4509608745575,1.165745735168457,,37.0,9.0,1.0,6598.775805516401,0.058777054422535,0.05877705430611968,-2.0430999938980676e-05,11.909781455993652,1e-06
40,87.85554027557373,19.865092515945435,19.851916521787643,108.4084370136261,1.0373637676239014,27.275938987731934,39.0,10.0,0.703125,6022.390829056041,0.031392616763090096,0.03139261668547988,0.0010081427856979037,11.957036018371582,1e-06
41,0.049924373626708984,45.738389015197754,45.72480285912752,,,,39.0,3.0,0.0,5638.088824445051,0.01001211750068857,0.010012117423078356,0.0003091911688291778,8.103728294372559,1e-06
42,65.5190532207489,20.75834631919861,20.747102215886116,161.23685932159424,1.5050134658813477,,40.0,7.0,0.765625,6250.222255169122,0.040167387791111,0.040167387441865036,0.0006205697042917434,12.631708145141602,1e-06
43,114.09208703041077,15.11568307876587,15.105190884321928,129.78853607177734,1.145754098892212,,42.0,9.0,0.859375,6172.083538299828,0.046050953585654496,0.04605095386505127,-8.035048958845436e-05,12.677570343017578,1e-06
44,0.04852128028869629,41.73830699920654,41.72806619852781,,,,42.0,3.0,0.0,5751.308935770117,0.011100578638433944,0.011100578509892026,0.000625969758402789,11.946817398071289,1e-06
45,74.37701988220215,12.100529670715332,12.090314511209726,129.31262731552124,1.073704481124878,,43.0,10.0,0.8125,6602.599123950553,0.05793322192039341,0.05793322203680873,0.0005385081044551043,11.525853157043457,1e-06
46,116.26655387878418,17.198312044143677,17.187649205327034,133.8712089061737,1.3321702480316162,,45.0,8.0,0.890625,6243.1458030189815,0.045873933285474774,0.045873932726681235,0.0012935271952301264,11.334552764892578,1e-06
47,0.04740285873413086,40.88110542297363,40.868493374437094,,,,45.0,3.0,0.0,5875.320575193758,0.010129173356593432,0.010129173344466835,0.0009442911262643369,7.435800075531006,1e-06
48,70.68708753585815,12.049046754837036,12.04025585949421,125.3960554599762,1.1468336582183838,,46.0,10.0,1.0,6655.381823702061,0.0528964382247068,0.052896438632160425,0.0009283933613914996,11.532652854919434,1e-06
49,110.37885808944702,18.615748405456543,18.60380783677101,129.28110337257385,1.0365970134735107,,48.0,7.0,0.734375,5933.113315749984,0.04110785682375232,0.04110785604765018,6.764359234997148e-05,10.313167572021484,1e-06
50,0.054108619689941406,43.56790494918823,43.555919487029314,,,,48.0,3.0,0.0,5821.240901033108,0.008838898519267483,0.008838898480462376,-0.00016224373151392987,5.294759273529053,1e-06
51,76.0259165763855,12.921832084655762,12.912437975406647,133.98510813713074,1.3115191459655762,,49.0,9.0,0.96875,6619.3928801666325,0.06099115818506107,0.06099115824326873,0.0013558158971136436,10.278045654296875,1e-06
52,118.20492815971375,19.554062366485596,19.543895926326513,138.27042865753174,1.354015827178955,,51.0,6.0,1.0,6136.775413260368,0.030493243869083624,0.030493243442227442,0.0015541425770303856,7.965548992156982,1e-06
53,0.047887325286865234,45.990532636642456,45.978450529277325,,,,51.0,3.0,0.0625,5832.221332235808,0.006154698564876946,0.006154698524579334,0.0002935724032533052,10.929752349853516,1e-06
54,95.22507619857788,16.454984188079834,16.44518394768238,159.02476358413696,1.052457571029663,,52.0,9.0,0.96875,6430.2412387976265,0.04677942984271795,0.04677942935377359,0.0004950685703079216,12.79124641418457,1e-06
55,118.30552315711975,25.157970905303955,25.148004233837128,143.85213613510132,1.230316162109375,,54.0,7.0,0.546875,6011.212603368256,0.015674199548811885,0.01567419931598124,0.0012627278336196923,5.9268293380737305,1e-06
56,0.05798649787902832,40.20454931259155,40.19226999208331,,,,54.0,4.0,0.0,5758.470473192681,0.013101468418343839,0.013101468439510261,0.0004901688199342144,7.851731300354004,1e-06
57,96.69174098968506,20.567951440811157,20.5579570569098,159.35192036628723,1.218367576599121,,55.0,7.0,0.609375,6256.166390656563,0.03415636006199444,0.034156359382905066,0.0009408816025218888,12.055867195129395,1e-06
58,147.07516860961914,17.77716612815857,17.76811945810914,165.6236653327942,1.2201564311981201,,57.0,7.0,0.953125,6109.200259257579,0.04279925553904226,0.042799255500237145,0.0007166629711718997,10.806294441223145,1e-06
59,0.04723644256591797,39.10453820228577,39.09357249736786,,,,57.0,3.0,0.0,5850.590912749138,0.010947652178319086,0.01094765213466334,0.0004685781343803021,9.001235961914062,1e-06
60,79.19070219993591,14.162460565567017,14.154516812413931,133.7442009449005,1.1175639629364014,26.789416313171387,58.0,9.0,1.0,6577.017162348726,0.047371060494333504,0.04737106077373028,-0.000315176800268091,11.44674301147461,1e-06
61,114.51622891426086,20.66572618484497,20.654118057340384,162.15411567687988,1.499685287475586,,60.0,6.0,0.90625,6124.517137396902,0.031099583546165377,0.03109958302229643,-0.0002757168816363749,14.347404479980469,1e-06
62,0.047363996505737305,42.724175453186035,42.71210943907499,,,,60.0,3.0,0.0,5689.967159001156,0.006778367030013517,0.006778366996059049,0.00027159133268354435,8.067221641540527,1e-06
63,71.00338172912598,16.057520151138306,16.04648096859455,131.11903357505798,1.351600170135498,,61.0,8.0,0.78125,6457.584077331555,0.04121726476587355,0.04121726471930742,0.0005296051487675868,9.165143013000488,1e-06
64,91.8025016784668,16.170610666275024,16.16156131401658,108.75726914405823,1.2819137573242188,,63.0,10.0,1.0,5901.966904476896,0.04759802827611566,0.04759802799671888,0.0006396486856829142,10.755330085754395,1e-06
65,0.04571342468261719,39.64807343482971,39.63556947186589,,,,63.0,3.0,0.078125,5943.638583702424,0.014639762351924384,0.014639762113802135,0.000873986626670971,8.9555025100708,1e-06
66,59.552239656448364,14.161828756332397,14.151744592934847,115.19069409370422,1.3027775287628174,,64.0,8.0,1.0,6539.229095909535,0.036373891145922245,0.03637389149516821,0.001344480445550289,9.802811622619629,1e-06
67,90.3855185508728,12.017365455627441,12.008667562156916,102.58059859275818,1.153677225112915,,66.0,11.0,1.0,6114.7083654309345,0.05746132059721276,0.057461321353912354,0.0012734696933875966,13.223638534545898,1e-06
68,0.04689526557922363,36.347545862197876,36.33560663461685,,,,66.0,3.0,0.125,5846.813076119162,0.011741533296662965,0.011741533354506829,0.0011995130123978015,7.956479549407959,1e-06
69,78.60311508178711,14.626712799072266,14.618357352912426,114.65611481666565,1.32796049118042,,67.0,10.0,0.875,5745.5497886885705,0.045366767240921035,0.04536676732823253,0.0009986010954889935,9.603230476379395,1e-06
70,129.86527299880981,19.64329504966736,19.62641716003418,166.07018280029297,1.1140248775482178,,68.0,8.0,0.765625,6355.617481422308,0.03317835335231697,0.03317835306127866,0.00011575412888002272,9.535755157470703,1e-06
71,65.20817613601685,12.943103313446045,12.930912874639034,78.3339159488678,1.124133825302124,,70.0,11.0,1.0,6201.224985226608,0.05040022425237112,0.05040022428147495,0.0005175790147404769,15.016884803771973,1e-06
72,0.045598745346069336,28.5845046043396,28.572131756693125,,,,70.0,4.0,0.53125,5666.763032550823,0.02854006471170578,0.028540064755361527,0.0011043387389690906,10.682537078857422,1e-06
73,57.85627341270447,12.997546672821045,12.988417949527502,100.95821714401245,1.087341070175171,,71.0,10.0,1.0,6538.325170163572,0.040222641167929396,0.040222641080617905,0.00018593393542687409,8.68115520477295,1e-06
74,121.45768141746521,15.24325942993164,15.234386190772057,136.9931995868683,1.017465591430664,,73.0,8.0,1.0,6356.869176564582,0.036176250060088934,0.036176249571144584,0.0013120981948304689,7.658907413482666,1e-06
75,0.04792428016662598,37.493582248687744,37.481878481805325,,,,73.0,4.0,0.046875,5752.566539712413,0.009642759821376372,0.009642759689913046,0.0009318090696152384,6.040438175201416,1e-06
76,56.35794544219971,12.993332147598267,12.985053688287735,108.86553931236267,1.1041929721832275,,74.0,9.0,1.0,6571.709447529632,0.04788483219454065,0.04788483283482492,-0.0001072352024493739,12.559008598327637,1e-06
77,87.46242356300354,13.26394534111023,13.25529445335269,100.80241990089417,1.3759474754333496,,76.0,10.0,1.0,6425.885166093462,0.049356698465999216,0.04935669805854559,0.0008335319328125479,10.80137825012207,1e-06
78,0.04718661308288574,34.559382915496826,34.54828820005059,,,,76.0,4.0,0.203125,5803.94892038982,0.010238625764031895,0.010238625737838448,0.0004987504595646896,6.641857624053955,1e-06
79,48.712632179260254,12.23990774154663,12.230599943548441,97.13466382026672,1.4273431301116943,,77.0,10.0,1.0,6691.822181885091,0.05029139303951524,0.05029139306861907,0.0017797733735278598,8.851432800292969,1e-06
80,121.17693042755127,12.6955406665802,12.687036421149969,134.42906856536865,1.3628978729248047,26.44014048576355,79.0,10.0,1.0,6277.983080999188,0.046146766224410385,0.046146766282618046,0.0010667502647265792,12.976142883300781,1e-06
81,0.04731321334838867,38.886367321014404,38.87465858832002,,,,79.0,3.0,0.125,5766.854504732725,0.009728166001960662,0.009728165906711762,0.0007977964413922481,6.820747375488281,1e-06
82,46.017574310302734,13.429942607879639,13.421052198857069,126.05777549743652,1.4808406829833984,,80.0,10.0,1.0,6517.223739540238,0.03200221206061542,0.03200221229344606,0.0003302814729977399,9.808663368225098,1e-06
83,118.83499026298523,22.826337337493896,22.815164621919394,142.56324577331543,1.032740831375122,,82.0,8.0,0.6875,5764.148634441733,0.022949145707700933,0.022949145574654852,0.0006161837417104314,7.039113521575928,1e-06
84,0.04669785499572754,38.78563857078552,38.771497305482626,,,,82.0,4.0,0.3125,5821.98304650154,0.008543281105878785,0.008543281060900137,0.00046411679370935,7.2821173667907715,1e-06
85,58.67061710357666,11.45340871810913,11.44467730820179,110.63471102714539,1.1243717670440674,,83.0,11.0,0.984375,6630.505863683722,0.04195511434227228,0.04195511434227228,0.0007024153928796295,8.895975112915039,1e-06
86,79.6711003780365,12.515238523483276,12.506764087826014,93.00647616386414,1.5208261013031006,,85.0,10.0,1.0,6256.454463402407,0.043957732763374224,0.043957732850685716,0.00047333497923318646,9.833064079284668,1e-06
87,0.05870532989501953,31.963916063308716,31.953012604266405,,,,85.0,4.0,0.421875,5923.103475217534,0.009353757689394924,0.009353757652408805,0.0008613061195824735,6.245100498199463,1e-06
88,81.3905303478241,12.294783592224121,12.28713234886527,126.76407837867737,1.4532289505004883,,86.0,10.0,1.0,6583.350590137521,0.03342447296017781,0.03342447301838547,-0.0002872426848625764,7.537301063537598,1e-06
89,91.78694462776184,13.373314380645752,13.364127293229103,105.8997106552124,1.2506322860717773,,88.0,10.0,1.0,6325.964886822984,0.0484732553595677,0.04847325524315238,-0.00023828975827200338,13.468119621276855,1e-06
90,0.04448437690734863,38.90977144241333,38.89832046627998,,,,88.0,3.0,0.203125,5995.0146228588965,0.011167648129313338,0.011167648015543818,0.0012411540976079943,6.177239418029785,1e-06
91,51.21873116493225,11.208700895309448,11.200623828917742,102.46083045005798,2.2432363033294678,,89.0,12.0,0.96875,6636.505353218564,0.03921859560068697,0.03921859571710229,0.0015859961185924476,7.713679790496826,1e-06
92,111.89729857444763,14.817312717437744,14.806581739336252,127.48150491714478,0.9278779029846191,,91.0,10.0,1.0,6156.721490809567,0.030530444299802183,0.030530444346368313,0.0009636297647375614,8.232410430908203,1e-06
93,0.051727294921875,33.07224225997925,33.06105390936136,,,,91.0,4.0,0.375,5878.049155141223,0.0085743512478075,0.008574351271090564,0.0003650362130201756,6.736001014709473,1e-06
94,63.05087471008301,11.475473642349243,11.467641949653625,108.95339345932007,2.3347256183624268,,92.0,11.0,1.0,6600.049106197119,0.04241375086712651,0.042413751129060984,0.00047250251009245403,9.88984489440918,1e-06
95,108.56921148300171,15.621899366378784,15.612935606390238,124.2706778049469,1.3575019836425781,,94.0,9.0,0.75,6152.462446632028,0.03504183986224234,0.03504183990880847,0.0012433198833605274,9.89360237121582,1e-06
96,0.046405792236328125,43.17785930633545,43.16704597696662,,,,94.0,3.0,0.0,5942.067477512033,0.007757379070199022,0.0077573791041534905,-0.00010812066190032017,5.701353073120117,1e-06
97,68.8733971118927,11.560051202774048,11.55154088884592,125.19231963157654,1.4239022731781006,,95.0,9.0,1.0,6521.857189870255,0.05007239896804094,0.05007239896804094,0.00025822180539591955,12.22326946258545,1e-06
98,94.84668827056885,14.940747499465942,14.931683491915464,110.51652789115906,0.94002366065979,,97.0,9.0,1.0,6127.574298607293,0.02941831136122346,0.029418311081826687,-0.0004852690510233515,9.138020515441895,1e-06
99,0.04468345642089844,23.38438105583191,23.373831424862146,,,,97.0,5.0,0.6875,5985.66822259116,0.025723403968316103,0.02572340378537774,-0.00012660890622230778,9.198506355285645,1e-06
100,73.7688102722168,11.633569955825806,11.625268127769232,110.26739978790283,1.3077785968780518,27.2609646320343,98.0,10.0,1.0,6626.083730146296,0.04205993711366318,0.04205993679352105,2.8140698873357906e-05,18.525257110595703,1e-06
101,61.3778772354126,14.65802001953125,14.647511322051287,88.63744449615479,0.8495028018951416,,100.0,11.0,1.0,5993.612025261462,0.027580875717103482,0.027580875717103482,-7.29190418496728e-05,6.6407904624938965,1e-06
102,0.04610180854797363,37.70664644241333,37.69611217081547,,,,100.0,3.0,0.125,5958.041481367478,0.007917401441690427,0.007917401421846907,-0.0005095050506001412,6.8758111000061035,1e-06
103,140.50899410247803,13.91005277633667,13.901533547788858,99.44454717636108,1.1322083473205566,,102.0,8.0,1.0,6150.976056422255,0.04551127250306308,0.045511272735893726,0.0010168712797167245,10.753389358520508,1e-06
104,0.04361724853515625,24.84280562400818,24.83266008645296,,,,102.0,5.0,1.0,5732.974216389521,0.02772904296372352,0.027729042872254337,0.0012444841184852912,12.05422592163086,1e-06
105,40.699315309524536,10.759082794189453,10.751320220530033,77.83757591247559,1.2066147327423096,,103.0,11.0,1.0,6626.255988912203,0.03945887298323214,0.0394588727504015,8.780691359788761e-05,9.723031044006348,1e-06
106,116.03476047515869,16.444242477416992,16.43384750559926,133.12522172927856,1.5227141380310059,,105.0,10.0,0.984375,6216.042832647361,0.029035215731710196,0.029035215452313422,0.0006686969485599547,9.249425888061523,1e-06
107,0.04388427734375,35.74799466133118,35.737213995307684,,,,105.0,3.0,0.0,5893.464443749141,0.010513031773780313,0.01051303175349858,-0.0007888105299628023,9.182982444763184,1e-06
108,80.23934006690979,16.911755323410034,16.902396123856306,134.1841938495636,1.6177821159362793,,106.0,8.0,1.0,6380.426728242784,0.01772996550425887,0.01772996534903844,0.0006187964293834133,7.615569591522217,1e-06
109,64.46188545227051,12.171651840209961,12.163409225642681,77.570072889328,1.0249881744384766,,108.0,10.0,1.0,6160.937168998396,0.04092959326226264,0.040929593378677964,0.0008240147653850727,9.36635971069336,1e-06
110,0.04689192771911621,28.255857706069946,28.24464189261198,,,,108.0,5.0,0.390625,5995.331809970429,0.021939768601441756,0.021939768572337925,2.6537863959674723e-05,15.19397258758545,1e-06
111,92.0867829322815,15.949165344238281,15.939663425087929,137.78973960876465,1.459237813949585,,109.0,8.0,1.0,6488.781929812263,0.02053858431754634,0.02053858395665884,0.0006069359602406621,4.712333679199219,1e-06
112,129.98517107963562,25.82173204421997,25.811130542308092,156.57446908950806,1.2550909519195557,,111.0,7.0,0.53125,6042.257612248468,0.013160644824893097,0.013160644766685436,0.00017212838338309666,6.030799865722656,1e-06
113,0.04867887496948242,35.79451942443848,35.78379023447633,,,,111.0,3.0,0.1875,5802.026522052643,0.012283848173683509,0.012283848144579678,0.0004798040918103652,7.381096363067627,1e-06
114,82.35496973991394,15.300331354141235,15.291348721832037,134.61551117897034,1.2639203071594238,,112.0,8.0,0.8125,6553.901936518848,0.0266681786859408,0.026668178476393224,-6.93460606271401e-05,7.26799201965332,1e-06
115,91.43925333023071,11.193464040756226,11.185212515294552,102.74596452713013,1.4553263187408447,,114.0,11.0,1.0,6318.386879405563,0.027355579455615953,0.027355579426512122,0.00018989144064107677,5.163845062255859,1e-06
116,0.048162221908569336,35.0370306968689,35.02515273541212,,,,114.0,3.0,0.265625,6011.222894315314,0.00888192218299082,0.008881922227010364,4.376329076762886e-05,5.972108840942383,1e-06
117,78.45672488212585,15.674981117248535,15.666635408997536,114.53289318084717,1.3824105262756348,,115.0,8.0,1.0,5751.554028521668,0.029628803906962275,0.029628803394734858,0.000549811206292361,7.106841087341309,1e-06
118,68.24879026412964,10.063026666641235,10.05537186563015,95.14314246177673,1.3886590003967285,,116.0,11.0,1.0,6641.276015684677,0.04272415323066525,0.04272415302693844,0.0018648715413291939,6.731168270111084,1e-06
119,134.32530331611633,17.179344177246094,17.16798209398985,151.98711037635803,1.5004932880401611,,118.0,9.0,0.78125,5982.823108602709,0.025881349202245475,0.025881349015980958,-0.00012878787820227444,9.594086647033691,1e-06
120,0.04725360870361328,40.44344997406006,40.43189547583461,,,25.963314294815063,118.0,3.0,0.0,5853.138894797633,0.007151285816841361,0.007151285792588169,0.0004703895169958135,7.03911018371582,1e-06
121,22.994744062423706,15.511568546295166,15.502847898751497,106.09766912460327,0.9899795055389404,,119.0,10.0,1.0,6160.481004763737,0.022388900420628487,0.02238890007138252,0.0002428735780995339,5.8722453117370605,1e-06
122,83.72368884086609,12.58237600326538,12.573948938399553,97.10941338539124,1.2832920551300049,,121.0,9.0,1.0,6416.08299788981,0.034320449689403176,0.034320449689403176,-5.378685182222398e-05,6.652622222900391,1e-06
123,0.04548168182373047,25.429316520690918,25.41810617223382,,,,121.0,6.0,0.671875,6047.185378740263,0.01372584177806857,0.013725841796258464,-6.390197950167931e-05,6.294095516204834,1e-06
124,66.48236441612244,12.735869646072388,12.726953878998756,106.6021339893341,1.3486809730529785,,122.0,10.0,1.0,6141.414571241383,0.031980318017303944,0.03198031825013459,0.00014589532838726882,8.383106231689453,1e-06
125,109.7279257774353,15.230315208435059,15.22064533084631,125.88750696182251,0.8930773735046387,,124.0,10.0,0.953125,6182.1951668042675,0.02698510242626071,0.026985102519392967,0.0008168515127181308,7.785721778869629,1e-06
126,0.04699110984802246,38.19852423667908,38.18771056830883,,,,124.0,3.0,0.0,5939.292945941178,0.008565270745252334,0.008565270672162032,0.0012048314796660716,14.637067794799805,1e-06
127,40.323142290115356,10.317775249481201,10.30944799631834,90.80134987831116,2.5439860820770264,,125.0,10.0,1.0,6656.030470739582,0.028886112151667476,0.028886111918836832,-7.76445449446328e-05,7.745753288269043,1e-06
128,87.31491589546204,9.421191930770874,9.413671430200338,96.91402268409729,1.0233323574066162,,127.0,11.0,0.9375,6412.694605670477,0.057755398796871305,0.057755397632718086,-0.00035266039049020037,10.562749862670898,1e-06
129,0.047252655029296875,34.660481214523315,34.64709750562906,,,,127.0,3.0,0.296875,5792.938354140378,0.012970044904795941,0.012970044929534196,0.0005809556523672654,10.180316925048828,1e-06
130,52.560991525650024,13.41767430305481,13.407960884273052,102.43450260162354,1.0681133270263672,,128.0,10.0,0.84375,6468.843454170214,0.024981121375458316,0.024981121020391583,0.00035631565824587594,7.148416996002197,1e-06
131,88.11666345596313,14.694545984268188,14.685688335448503,103.2174117565155,1.403273105621338,,130.0,9.0,1.0,6140.910656691107,0.021619534981437028,0.021619534771889447,0.0007605710648931563,5.9947590827941895,1e-06
132,0.04975152015686035,28.376688241958618,28.365332771092653,,,,130.0,5.0,0.5625,5967.513279890197,0.016031575869419612,0.016031575854867697,0.0004954003170496435,9.742350578308105,1e-06
133,63.38199162483215,15.73816728591919,15.72797304391861,92.80424547195435,1.3657197952270508,,131.0,9.0,1.0,6014.538538173344,0.021033666329458356,0.02103366646915674,8.729938490432687e-05,6.9633073806762695,1e-06
134,69.98086071014404,11.566452741622925,11.558391157537699,98.73414397239685,1.3262455463409424,,132.0,10.0,1.0,6656.159923245708,0.026263729901984334,0.026263729901984334,0.000562579483812442,5.8562750816345215,1e-06
135,110.85893058776855,12.808410882949829,12.800170425325632,124.48195242881775,1.1291477680206299,,134.0,11.0,0.96875,6149.371249328313,0.028392108128173277,0.028392107458785176,0.0006099477773204853,6.832383632659912,1e-06
136,0.046323537826538086,40.43549704551697,40.42290852218866,,,,134.0,3.0,0.0,5934.877245864508,0.008877123765463088,0.008877123668450318,0.0020306773318831497,6.459793567657471,1e-06
137,82.92024493217468,14.36802077293396,14.358901485800743,139.30421018600464,1.253572702407837,,135.0,9.0,0.875,6533.508158181248,0.02495035915635526,0.024950359016656876,0.0008455534403765341,5.136350154876709,1e-06
138,93.54961204528809,12.244303941726685,12.236527033150196,105.82150840759277,1.4446468353271484,,137.0,11.0,1.0,6323.362812861794,0.028657394810579717,0.028657394694164395,-0.000201766923055402,5.743069648742676,1e-06
139,0.0448603630065918,27.24070715904236,27.22982832044363,,,,137.0,4.0,0.578125,5976.35056985731,0.015492254882701673,0.015492254926357418,0.0014465802473750955,6.5252838134765625,1e-06
140,83.06706881523132,13.9253990650177,13.916231147944927,125.69979429244995,1.2452352046966553,25.34667158126831,138.0,9.0,1.0,6285.609880295599,0.026174368453212082,0.02617436833679676,-5.272828930174001e-05,7.670242786407471,1e-06
141,62.25394320487976,12.730863809585571,12.722733978182077,100.45664858818054,1.3574330806732178,,140.0,10.0,1.0,6331.186373788318,0.03420659911353141,0.03420659922994673,0.000867255606863182,6.842931270599365,1e-06
142,0.061144351959228516,28.81690502166748,28.792737759649754,,,,140.0,6.0,0.484375,6010.03980394343,0.010671419363158444,0.010671419314652061,0.00021163016066970563,5.890198230743408,1e-06
143,81.26233220100403,12.866156816482544,12.855746652930975,124.21264219284058,1.0988800525665283,,141.0,9.0,1.0,6649.088715552098,0.027999312253086828,0.027999312384054065,0.0016579828261455987,13.984475135803223,1e-06
144,113.15966868400574,14.642640829086304,14.632531143724918,128.30908632278442,1.401900291442871,,143.0,9.0,1.0,6213.723320110043,0.021894850861281158,0.021894850488752126,0.0001091915968572721,7.829371452331543,1e-06
145,0.0452275276184082,31.95195960998535,31.940088737756014,,,,143.0,4.0,0.25,5897.43195601509,0.013765098887435871,0.013765098780923937,0.00041961185343097895,9.002227783203125,1e-06
146,63.23515963554382,14.608654499053955,14.599489234387875,110.9877781867981,1.201066493988037,,144.0,9.0,1.0,6519.782882253067,0.026251684920862318,0.026251684967428447,0.0011831997292119922,12.84118938446045,1e-06
147,68.92151951789856,11.772332668304443,11.762164756655693,81.18640661239624,1.1475820541381836,,146.0,10.0,1.0,6245.448990028151,0.026979186775861308,0.02697918692138046,-3.3678015824989416e-05,8.990857124328613,1e-06
148,0.045529842376708984,27.05994153022766,27.047940984368324,,,,146.0,5.0,0.5625,5995.92775264211,0.014946235954994336,0.014946235954994336,-0.0008436306160319873,6.5576324462890625,1e-06
149,60.60161733627319,12.239841222763062,12.228197902441025,101.69233822822571,1.2559456825256348,,147.0,10.0,1.0,6623.093659927835,0.03812487289542332,0.03812487283721566,0.0007036782433260669,12.12874984741211,1e-06
150,93.14757990837097,14.582308530807495,14.571517627686262,108.12543606758118,1.2696423530578613,,149.0,9.0,1.0,6127.536079725246,0.02645028429105878,0.026450284104794265,0.0003881471522618085,11.063520431518555,1e-06
151,0.046853065490722656,30.302353858947754,30.29194064810872,,,,149.0,4.0,0.328125,5920.320592308997,0.014002560547346042,0.014002560534411006,-0.00032411006618657566,7.60344123840332,1e-06
152,51.884886741638184,13.417036294937134,13.408336725085974,96.88549327850342,1.0244531631469727,,150.0,11.0,1.0,6504.348882947732,0.02388820839114487,0.023888208065181972,0.0006990281617618166,7.356071949005127,1e-06
153,113.60856556892395,13.381511688232422,13.37309443578124,127.05014514923096,1.0198752880096436,,152.0,10.0,1.0,5340.162693304726,0.026132703613257036,0.026132703525945544,-2.5671222829259932e-05,4.726582050323486,1e-06
154,0.04687333106994629,28.297670602798462,28.28553683310747,,,,152.0,5.0,0.640625,5962.888418740698,0.011634035927272635,0.011634035927272635,0.00044609425003727665,6.749362945556641,1e-06
155,63.25175881385803,12.112658023834229,12.10433143004775,104.817458152771,1.2279598712921143,,153.0,9.0,1.0,6669.224191895871,0.03194456633355003,0.031944565824232996,0.000306888650811743,8.079036712646484,1e-06
156,106.89357924461365,11.682337999343872,11.67398626729846,119.30552101135254,1.0797019004821777,,155.0,11.0,1.0,6110.980291268499,0.033819616117398255,0.03381961619015783,0.0001858589448602288,7.204108238220215,1e-06
157,0.04638385772705078,27.237536191940308,27.22515558823943,,,,155.0,5.0,0.4375,5831.334902217412,0.015864179747950402,0.015864179704294656,0.00013286268131196266,6.505038261413574,1e-06
158,59.697372913360596,12.68683123588562,12.67620837688446,101.31876015663147,1.116858720779419,,156.0,11.0,1.0,6580.792735477477,0.03730397130129859,0.03730397159233689,0.0005141085675859358,10.697527885437012,1e-06
159,85.00854158401489,11.976568460464478,11.968457482755184,97.50282192230225,0.9673001766204834,,158.0,9.0,1.0,6382.317864274648,0.03579387944773771,0.035793879767879844,0.00014083547466725577,8.567099571228027,1e-06
160,0.04708743095397949,35.045572996139526,35.034873746335506,,,28.5205020904541,158.0,4.0,0.328125,5999.636291596045,0.011403563461499289,0.011403563315980136,0.0009466014729696326,6.274348258972168,1e-06
161,79.00566053390503,15.252079010009766,15.243204403668642,159.33316588401794,2.4520859718322754,,159.0,8.0,0.859375,5887.049574589613,0.01869857783894986,0.018698577675968407,0.0008734492239454994,6.522124767303467,1e-06
162,85.06606650352478,16.6398503780365,16.62962831184268,102.14830946922302,0.9553194046020508,,161.0,9.0,1.0,6101.218746287024,0.017272834130562843,0.017272834200412035,-0.0005975960695650429,6.208286762237549,1e-06
163,0.046161651611328125,33.22740054130554,33.214899368584156,,,,161.0,4.0,0.328125,5916.456281239572,0.011855400704371277,0.011855400605418254,0.0013946631901490037,8.372312545776367,1e-06
164,77.07313942909241,13.207221269607544,13.198306661099195,124.91761517524719,0.9390127658843994,,162.0,9.0,1.0,6537.656853687156,0.02799574255477637,0.02799574248492718,0.0010626790681271814,12.271549224853516,1e-06
165,110.85137391090393,12.40199875831604,12.394066721200943,124.08280873298645,1.029879093170166,,164.0,9.0,0.90625,6467.610817592305,0.05549329286441207,0.05549329286441207,0.0014182596933096647,41.621829986572266,1e-06
166,0.04578423500061035,38.34859347343445,38.33605310693383,,,,164.0,3.0,0.0,5827.295245466845,0.015384770090928545,0.015384769943094316,0.002055500959262314,22.97064781188965,1e-06
167,79.14060235023499,22.606927156448364,22.59533489868045,141.44173765182495,1.1007740497589111,,165.0,7.0,0.640625,6144.586952243319,0.011877941549755633,0.011877941616278673,-0.0002519534957952731,5.501094341278076,1e-06
168,105.83921146392822,14.194731950759888,14.185267642140388,120.8385877609253,1.0359821319580078,,167.0,10.0,0.859375,6122.30253181856,0.02361202707979828,0.023612027056515217,0.0007353771768976002,10.919454574584961,1e-06
169,0.047116994857788086,41.94351553916931,41.92865339294076,,,,167.0,3.0,0.0,5888.455269149379,0.007103266371814243,0.007103266371511078,0.0013652526011658968,5.82612419128418,1e-06
170,47.09529638290405,13.138153076171875,13.129875164479017,103.39469909667969,1.1697089672088623,,168.0,9.0,1.0,6517.464859948308,0.027609704673523083,0.027609704760834575,0.0008835189237288432,10.783825874328613,1e-06
171,111.23487758636475,12.425448894500732,12.417595818638802,124.08878374099731,1.3302273750305176,,170.0,9.0,1.0,6198.623398940485,0.02924513738253154,0.0292451367713511,-0.00035761509570875205,8.348959922790527,1e-06
172,0.04627513885498047,39.6239538192749,39.61226860806346,,,,170.0,3.0,0.109375,5912.574771148658,0.0064432848078219895,0.006443284785332667,0.0003190284438791092,6.07307243347168,1e-06
173,51.132381439208984,12.286947965621948,12.279050048440695,104.23451113700867,1.189732313156128,,171.0,10.0,0.8125,6640.293807610487,0.029770467401249334,0.029770467430353165,-0.00036997773713665083,7.025208473205566,1e-06
174,78.98111605644226,11.73303484916687,11.725587863475084,91.20019698143005,1.15228271484375,,173.0,11.0,1.0,6089.801281727587,0.029431168222799897,0.029431168572045863,-0.000485050451970892,9.605074882507324,1e-06
175,0.04715466499328613,29.444733381271362,29.43450289219618,,,,173.0,5.0,0.40625,6028.843111430566,0.011245528690374663,0.011245528675822748,0.0002768764871790255,8.696918487548828,1e-06
176,49.723966121673584,13.172602891921997,13.164708826690912,93.93029046058655,1.1867830753326416,,174.0,10.0,1.0,6419.2456599316865,0.027067669201642275,0.027067669143434614,1.246370038643363e-05,25.51824951171875,1e-06
177,104.42228293418884,12.374611139297485,12.366720117628574,117.00292325019836,2.195793867111206,,176.0,10.0,1.0,6121.631223147387,0.02924121535033919,0.029241215670481324,0.0012341536057647318,8.350312232971191,1e-06
178,0.046164512634277344,34.02570915222168,34.01388546451926,,,,176.0,4.0,0.25,5908.484057478155,0.012989267476950773,0.012989267520606518,0.0005430550210803631,12.721137046813965,1e-06
179,40.95400285720825,10.030097484588623,10.022428650408983,86.33042573928833,1.299621343612671,,177.0,11.0,1.0,6643.1503104073545,0.029917738575022668,0.029917738283984363,0.0008805745510471752,5.473483085632324,1e-06
180,97.45424914360046,15.862592220306396,15.85464709252119,113.44275212287903,1.3901565074920654,25.808759450912476,179.0,8.0,1.0,6270.054414953995,0.018522231164388357,0.01852223090827465,0.0004526295728283003,5.8429365158081055,1e-06
181,0.053128957748413086,33.50035119056702,33.486873514950275,,,,179.0,3.0,0.25,5794.04643175713,0.009087074744093116,0.009087074679337092,0.00045339157732087186,5.71166467666626,1e-06
182,31.250793933868408,14.270456075668335,14.261063538491726,106.80299282073975,1.1400048732757568,,180.0,9.0,1.0,6227.060117943498,0.01958107721293345,0.019581077015027405,0.0009237497302819975,6.896650791168213,1e-06
183,87.46966004371643,11.938003540039062,11.930112011730671,99.46215152740479,1.2110786437988281,,182.0,10.0,1.0,6438.330161902425,0.022929728031158447,0.022929727914743125,0.00022983660164754838,5.52669620513916,1e-06
184,0.05632162094116211,35.65653038024902,35.643921349197626,,,,182.0,4.0,0.359375,5936.748595276638,0.012120403815060854,0.012120403815060854,-0.000706640123098623,7.797125339508057,1e-06
185,42.532251834869385,12.21923279762268,12.210675042122602,92.14605116844177,1.2767822742462158,,183.0,11.0,1.0,6603.115693592662,0.027560140006244183,0.02756013977341354,8.199361218430568e-05,6.537110805511475,1e-06
186,111.08511519432068,13.653064727783203,13.645151853561401,125.31711268424988,1.5951826572418213,,185.0,10.0,0.890625,6254.675720426269,0.02574855186685454,0.025748551939614117,-0.00010118848877027631,5.909143924713135,1e-06
187,0.04772472381591797,42.11403942108154,42.10138189792633,,,,185.0,3.0,0.0,5866.624535005238,0.004000387324291903,0.0040003873145906255,-6.227446745773098e-05,4.601462364196777,1e-06
188,37.251564502716064,13.527366638183594,13.51842824369669,94.90620136260986,1.2355778217315674,,186.0,10.0,1.0,6486.922770839805,0.018826555414125323,0.018826555088162424,0.0003841065597953275,7.187676429748535,1e-06
189,108.4298791885376,13.724271774291992,13.716412849724293,122.34270596504211,1.6098737716674805,,188.0,9.0,1.0,6057.378187014112,0.026965859113261104,0.026965859113261104,-0.00047661320240877103,8.080583572387695,1e-06
190,0.04548025131225586,39.353919506073,39.34382867068052,,,,188.0,3.0,0.078125,5882.371081299163,0.007681641166775741,0.00768164110856808,0.0012686150319247893,5.170747756958008,1e-06
191,83.18560361862183,13.787894248962402,13.778744284063578,137.65938639640808,1.2563533782958984,,189.0,9.0,1.0,6375.072952155434,0.024399923568125814,0.02439992348663509,0.00026642445591278373,7.033750534057617,1e-06
192,87.74353647232056,11.973649740219116,11.965339682996273,100.51666593551636,1.272974967956543,,191.0,11.0,1.0,6031.588062857879,0.028911809728015214,0.028911809902638197,0.00028329657834547106,10.524287223815918,1e-06
193,0.0562741756439209,28.220977067947388,28.209084536880255,,,,191.0,5.0,0.484375,5997.411925183674,0.016849910345626995,0.016849910374730825,0.0004557137144729495,6.255641937255859,1e-06
194,40.47212600708008,9.797395467758179,9.788439821451902,80.29207158088684,1.073899745941162,,192.0,11.0,1.0,6613.311332632591,0.026041336765047163,0.026041336706839502,5.347910337150097e-05,7.530832767486572,1e-06
195,105.61773085594177,14.191749095916748,14.183963894844055,105.61500716209412,0.4597041606903076,,194.0,10.0,1.0,6244.093728424831,0.023562094173394145,0.023562094010412694,-5.476551741594449e-05,9.957460403442383,1e-06
196,0.047328948974609375,26.507636785507202,26.49738546460867,,,,194.0,4.0,0.34375,6159.060493646716,0.022723325913830195,0.022723325848346576,0.0018549162850831635,11.66208267211914,1e-06
197,184.55670070648193,15.995185136795044,15.985711600631475,128.62054872512817,1.0850441455841064,,196.0,9.0,1.0,6118.62033067932,0.01915190080180764,0.01915190052241087,0.0008903406109311618,7.5644426345825195,1e-06
198,0.04795050621032715,30.615392208099365,30.605024222284555,,,,196.0,3.0,0.203125,6063.024118271673,0.010035454692115309,0.010035454665841017,-0.0006335778414520771,4.849063396453857,1e-06
199,52.21987700462341,10.95157790184021,10.944417234510183,83.86580538749695,1.0318348407745361,,197.0,11.0,1.0,6269.040966718104,0.03572531382087618,0.03572531370446086,0.00138176309519622,9.616608619689941,1e-06
200,70.90724611282349,12.332605838775635,12.3244555182755,95.72108507156372,1.163656234741211,26.280154943466187,198.0,10.0,1.0,6636.682641169122,0.021025197202106938,0.021025197464041412,0.0005907539671170525,4.926020622253418,1e-06
201,37.82867193222046,12.39368748664856,12.385303657501936,76.93509602546692,0.9441826343536377,,200.0,10.0,1.0,6344.374120565459,0.02274997395579703,0.022749973693862557,0.0009158587818092201,5.760643482208252,1e-06
202,0.04583740234375,26.52036738395691,26.506785057485104,,,,200.0,6.0,0.640625,5745.755272459662,0.017029140741215087,0.01702914066845551,0.00037322023990782327,9.618914604187012,1e-06
203,86.14255023002625,14.578349590301514,14.56936226785183,128.6649248600006,1.3433866500854492,,201.0,9.0,1.0,6543.731856429228,0.02247383657377213,0.02247383613139391,0.00012093170334992465,5.410877704620361,1e-06
204,93.08536553382874,12.477690935134888,12.470038648694754,106.03414344787598,1.0313301086425781,,203.0,10.0,1.0,6317.50247287693,0.02020692171936389,0.020206921733915806,0.00047310696845670464,4.738016605377197,1e-06
205,0.04471302032470703,25.737109184265137,25.725257609039545,,,,203.0,4.0,0.609375,6012.573415227884,0.0172367765699164,0.017236776533536613,0.001300956498425876,8.939152717590332,1e-06
206,57.07957220077515,9.956501007080078,9.948996648192406,94.04824018478394,1.1224822998046875,,204.0,12.0,1.0,6614.636865111074,0.03304583113640547,0.03304583136923611,0.000736571273591835,16.162384033203125,1e-06
207,86.9261109828949,11.323020935058594,11.314882665872574,98.86521816253662,1.0487160682678223,,206.0,11.0,1.0,6303.335359819206,0.024830808921251446,0.02483080863021314,0.0003263927735588368,7.187093257904053,1e-06
208,0.047493934631347656,31.936429738998413,31.92450313642621,,,,206.0,6.0,0.4375,5666.368532877671,0.010626021662675258,0.010626021714415401,0.0008093244594217847,11.692611694335938,1e-06
209,55.73924994468689,11.437153339385986,11.428405784070492,100.73520874977112,1.0712099075317383,,207.0,11.0,1.0,6627.171053513656,0.023421473291818984,0.02342147333547473,-1.6801512174424715e-05,6.701657295227051,1e-06
210,115.16375517845154,11.887058734893799,11.8778832629323,127.5884370803833,0.9787907600402832,,209.0,10.0,1.0,6318.002824139031,0.02405828473274596,0.024058284936472774,0.00011046423969673924,8.721819877624512,1e-06
211,0.27062225341796875,37.39510178565979,37.38299920037389,,,,209.0,3.0,0.171875,5924.952645259793,0.009182337682101537,0.009182337592144242,0.0002589486994111212,4.491793632507324,1e-06
212,54.15658950805664,12.03906774520874,12.029636926949024,104.78990054130554,1.196913719177246,,210.0,10.0,1.0,6617.53139212905,0.03188475793285761,0.03188475780189037,0.0006891011460083973,8.953496932983398,1e-06
213,72.36807107925415,12.812597274780273,12.803670849651098,85.2478437423706,1.7680106163024902,,212.0,11.0,1.0,6214.077270048542,0.026427008502651006,0.0264270082116127,0.0002650518508744426,5.1279168128967285,1e-06
214,0.04569506645202637,27.5230495929718,27.504190150648355,,,,212.0,4.0,0.328125,5968.545123519307,0.017038548587152036,0.01703854853985831,0.0007624022232448624,7.792550086975098,1e-06
215,36.89547109603882,11.447752475738525,11.436909772455692,77.23015689849854,1.1480460166931152,,213.0,10.0,1.0,6625.128772326646,0.02121116584748961,0.0212111659348011,0.000434633966506226,5.706573486328125,1e-06
216,94.28020572662354,12.381612539291382,12.373363334685564,106.96372151374817,1.1687378883361816,,215.0,10.0,1.0,6300.590865335737,0.028225705143995583,0.028225705260410905,0.001131936238380149,6.589064598083496,1e-06
217,0.05847764015197754,34.0661826133728,34.05430726706982,,,,215.0,4.0,0.453125,5936.870141402119,0.006865073184280845,0.006865073160997781,0.0007205523284483206,5.610249996185303,1e-06
218,70.02029395103455,10.803351163864136,10.795109756290913,116.31669092178345,0.9404802322387695,,216.0,11.0,1.0,6646.991241398389,0.02734637272078544,0.027346372604370117,0.0009090328380807478,7.973383903503418,1e-06
219,77.48088145256042,12.196376085281372,12.187263045459986,77.47297668457031,0.47489261627197266,,218.0,12.0,1.0,6017.840078320216,0.026435922482050955,0.02643592224922031,-7.68255586081068e-06,5.1111836433410645,1e-06
220,0.04407334327697754,34.03347206115723,34.018671452999115,,,26.206964015960693,218.0,4.0,0.234375,6030.232552832825,0.008653657548711636,0.00865365756326355,0.00037154491219553164,3.8413407802581787,1e-06
