training_step,model_version,trajectories,success_rate,frontier_trigger_rate,retained_fraction,mean_env_rounds,mean_full_turns,mean_retained_turns,teacher_entropy,student_entropy,sampled_reverse_kl,valid_action_rate,prompt_truncated_turn_rate,recorded_turns,success_rate_smooth,frontier_trigger_rate_smooth,retained_fraction_smooth,teacher_entropy_smooth,student_entropy_smooth,sampled_reverse_kl_smooth,valid_action_rate_smooth,prompt_truncated_turn_rate_smooth,mean_env_rounds_smooth,real_response_turns
1,0.0,16,0.125,0.5,0.6645833333333333,27.4375,27.4375,17.375,0.6049501602283982,0.7028736939585828,0.48758505043749684,0.7633587786259542,0.4031890660592255,439,0.09375,0.53125,0.6332465277777778,0.5533020716615437,0.6484118140930343,0.4802583082074383,0.7542813254894237,0.41898636907890896,27.953125,262
2,1.0,16,0.25,0.5625,0.6059027777777778,24.375,24.375,13.5625,0.5806686873987366,0.6684633931717916,0.5069864432215253,0.7739130434782608,0.41025641025641024,390,0.075,0.5625,0.6053472222222223,0.5453306835331162,0.6388248578403533,0.47625447548960986,0.7425858995523782,0.41602242859646055,28.3625,230
3,3.0,16,0.0,0.5625,0.6104166666666666,30.0,30.0,18.3125,0.5185198091003524,0.6144715945261818,0.463053548260401,0.7655677655677655,0.43125,480,0.08333333333333333,0.6041666666666666,0.5791087962962963,0.5391964465691114,0.6287243254055244,0.47294758297812406,0.7471189450706269,0.41084464919911534,28.34375,273
4,4.0,16,0.0,0.5,0.6520833333333333,30.0,30.0,19.5625,0.5090696299186873,0.607838574715581,0.4634081909103302,0.7142857142857143,0.43125,480,0.08928571428571429,0.5446428571428571,0.6245652427637722,0.5206407807917326,0.6066532814231328,0.4631820172566731,0.7604543709276858,0.41305816870128254,28.294642857142858,273
5,6.0,16,0.0,0.6875,0.49375,30.0,30.0,14.8125,0.5134451310194064,0.6004770328296292,0.4602391446182962,0.6958041958041958,0.4041666666666667,480,0.09821428571428571,0.5178571428571429,0.6283992763772176,0.4875252076822214,0.567515341001587,0.44988670131719904,0.766625599273861,0.4050161699708884,28.017857142857142,286
6,7.0,16,0.125,0.8125,0.4479166666666667,28.25,28.25,12.5,0.5085252617490876,0.5782216632313799,0.45641312042069493,0.7697841726618705,0.38495575221238937,452,0.07142857142857142,0.5178571428571429,0.6320203081232493,0.4636085198739316,0.5365461133095992,0.4375164576282574,0.7660665930626808,0.39670123077042013,28.669642857142858,278
7,9.0,16,0.125,0.1875,0.8973039215686275,28.0,28.0,25.0625,0.4093067861274595,0.47422701752878377,0.40458862292796677,0.8404669260700389,0.4263392857142857,448,0.09821428571428571,0.48214285714285715,0.6608893557422969,0.4360161840990747,0.5005500487327426,0.420255743440879,0.7721242000519648,0.3838496283155956,28.125,257
8,10.0,16,0.1875,0.3125,0.691421568627451,25.5,29.1875,20.3125,0.37314114846182006,0.4289081110077617,0.39451783886117897,0.8065573770491803,0.3468950749464668,467,0.125,0.4375,0.692436974789916,0.40856562154290765,0.4631797672966559,0.4037576189711722,0.7808377978506347,0.37384877390684645,27.571428571428573,305
9,11.0,16,0.0625,0.5625,0.63125,28.9375,28.9375,17.875,0.41325187274070735,0.4516787993278776,0.42039473739893407,0.77,0.35205183585313177,463,0.13392857142857142,0.39285714285714285,0.7326155462184875,0.390412543316356,0.43489208920756456,0.39212245038894455,0.7796238415283193,0.3614142123443779,27.508928571428573,300
10,13.0,16,0.1875,0.3125,0.8125,26.1875,26.1875,20.5625,0.3253734586763551,0.36249914248818466,0.34222854894875204,0.8079710144927537,0.3412887828162291,419,0.14285714285714285,0.32142857142857145,0.7856527867557279,0.3592903855108678,0.3958982295441084,0.38112730767218117,0.7827269299345938,0.3622188527846249,27.267857142857142,276
11,14.0,16,0.1875,0.1875,0.8729166666666667,26.125,26.125,22.3125,0.3169156920255176,0.3462466046629744,0.347921319622382,0.7752808988764045,0.361244019138756,418,0.15178571428571427,0.30357142857142855,0.7967522265316384,0.33556628016698975,0.3632307867408097,0.3694377912656505,0.7900454763392349,0.3495018939915382,27.0,267
12,16.0,16,0.0625,0.375,0.775,29.5625,29.5625,22.8125,0.3863735834335447,0.40246328620599,0.37879296454270356,0.6873065015479877,0.3171247357293869,473,0.125,0.2857142857142857,0.8283348595848595,0.3123824547632162,0.33023082937035564,0.35351906177230136,0.7884797773717419,0.3481597404277572,27.642857142857142,323
13,17.0,16,0.1875,0.3125,0.8191773504273504,26.5625,26.5625,22.125,0.29067015711067,0.30526464558718663,0.37944712140335063,0.7915057915057915,0.3905882352941176,425,0.125,0.26785714285714285,0.8397931929181929,0.28681852900459376,0.29751555706921234,0.34300146314822644,0.7686044178319529,0.35014625627852564,27.705357142857142,259
14,19.0,16,0.1875,0.0625,0.975,26.125,26.125,25.875,0.24323804872031335,0.24555491790569317,0.3227620080822527,0.8916967509025271,0.3373205741626794,418,0.125,0.23214285714285715,0.859138431013431,0.2674546029167854,0.2700361973331591,0.3409796176945749,0.7736379264634012,0.34662881111430244,27.714285714285715,277
15,20.0,16,0.0,0.1875,0.9125,30.0,30.0,27.375,0.21085437063540519,0.19790840941458315,0.2830867324077343,0.7955974842767296,0.3375,480,0.14285714285714285,0.22321428571428573,0.8644955738705739,0.25063610801101477,0.2457515109756541,0.33388300060149095,0.7803950330755278,0.34108029003515156,27.25,318
16,22.0,16,0.0625,0.4375,0.7114583333333333,29.375,29.375,21.0,0.2343043924303505,0.22267189321987435,0.34677154703040985,0.6308724832214765,0.3659574468085106,470,0.14285714285714285,0.21428571428571427,0.8698155143467643,0.22560539079356495,0.21466981424974266,0.3270570202211283,0.780489807827534,0.3570888348389853,27.1875,298
17,23.0,16,0.1875,0.0625,0.9479166666666666,26.25,26.25,24.6875,0.18982597606169654,0.170143624335812,0.32807563077319113,0.8432055749128919,0.31666666666666665,420,0.13392857142857142,0.20535714285714285,0.8682663690476191,0.20810711844014967,0.19234974609651007,0.31205435319840996,0.7814526396174334,0.3358169646718497,27.419642857142858,287
18,25.0,16,0.3125,0.125,0.9104166666666667,22.875,22.875,20.1875,0.19918622768512326,0.1762538001604394,0.2982449999707946,0.8225806451612904,0.3224043715846995,366,0.16071428571428573,0.21428571428571427,0.8671903617216117,0.19774625839148158,0.17988391938633727,0.3103864400691511,0.7739431658860164,0.3355226134496007,26.776785714285715,248
19,26.0,16,0.0625,0.3125,0.8122395833333333,29.125,29.125,23.875,0.21115856291139593,0.18489140912460975,0.3310111018801651,0.6879699248120301,0.4291845493562232,466,0.19642857142857142,0.23214285714285715,0.8582617902930403,0.19396337527090993,0.17633139317987395,0.31110698078126936,0.7896370317685616,0.32943286985985715,25.973214285714285,266
20,28.0,16,0.125,0.25,0.8083333333333333,28.1875,28.1875,22.4375,0.16818225063676298,0.14902416851455857,0.2744284522443221,0.7982456140350878,0.24168514412416853,451,0.22321428571428573,0.19642857142857142,0.8808808379120879,0.18855140498888454,0.17034399214397064,0.3078651481030663,0.8091089016682199,0.32477228222054605,25.285714285714285,342
21,29.0,16,0.375,0.125,0.9674679487179487,21.625,21.625,20.8125,0.1707120283796367,0.15829413093448344,0.3110866161774406,0.8391304347826087,0.3352601156069364,346,0.22321428571428573,0.22321428571428573,0.8654046474358975,0.18705544036043248,0.1706828556604234,0.29951465780598213,0.8053176290616161,0.323869162351909,25.419642857142858,230
22,31.0,16,0.25,0.3125,0.85,24.375,24.375,19.875,0.18437418879140352,0.1730407259693401,0.2881305173925626,0.9054545454545454,0.2948717948717949,390,0.24107142857142858,0.23214285714285715,0.8664463141025641,0.1880945501123468,0.17373900623281888,0.3030322530984479,0.8053176290616161,0.3208697450832698,25.321428571428573,275
23,32.0,16,0.25,0.1875,0.8697916666666666,24.5625,24.5625,21.3125,0.19642060045617277,0.1807600859685513,0.32407871828298795,0.767175572519084,0.3333333333333333,393,0.2857142857142857,0.22321428571428573,0.8792811355311355,0.1870529015003228,0.17485631545030558,0.29889592042680924,0.8267273309224458,0.2993507426085845,24.366071428571427,262
24,34.0,16,0.1875,0.25,0.8395833333333333,27.1875,27.1875,22.375,0.17935422366253218,0.17251566895098114,0.2696221986936023,0.8166666666666667,0.3103448275862069,435,0.33035714285714285,0.19642857142857142,0.9041110675039247,0.1891749461772269,0.17860344554617616,0.3010892538309505,0.8366814615319885,0.3175453818833632,23.339285714285715,300
25,35.0,16,0.4375,0.1875,0.9177083333333333,22.1875,22.1875,20.0,0.20645999594852352,0.197646854167208,0.3228681670180545,0.8225806451612904,0.30140845070422534,355,0.29464285714285715,0.19642857142857142,0.8983418367346939,0.1937439159140258,0.18298061193857176,0.30045531664469066,0.8436672405674569,0.3284173134200346,24.178571428571427,248
26,37.0,16,0.375,0.25,0.9020833333333333,22.4375,22.4375,19.5,0.20386702262722792,0.19271257364701644,0.3020567731786945,0.8378378378378378,0.2785515320334262,359,0.32142857142857145,0.15178571428571427,0.9197704081632654,0.19541914296069504,0.1837863022797427,0.3047661361957367,0.8350062463892215,0.3302160122336587,23.6875,259
27,38.0,16,0.4375,0.0625,0.9821428571428572,21.0,21.0,20.625,0.18303656337509158,0.1752540791856528,0.28978178607331084,0.8679245283018868,0.36904761904761907,336,0.32142857142857145,0.16071428571428573,0.9220025510204082,0.19446073101641503,0.18233530381197507,0.30067765857893886,0.8344171944344012,0.33401084636268313,23.651785714285715,212
28,40.0,16,0.125,0.125,0.9270833333333334,27.5,27.5,25.3125,0.2026948165372292,0.18893429568125272,0.3066490558736218,0.888030888030888,0.4113636363636364,440,0.32142857142857145,0.14285714285714285,0.9321215986394558,0.19240192460773028,0.1786896287979765,0.2954070305153282,0.8374416474588541,0.34443777575512974,23.517857142857142,259
29,40.0,16,0.4375,0.0,1.0,20.9375,20.9375,20.9375,0.19610077811808804,0.17868055835753663,0.31830625424988535,0.8448275862068966,0.3074626865671642,335,0.3125,0.15178571428571427,0.9255243764172336,0.1888937280498007,0.17498321505579437,0.2886758100992343,0.8325795917938995,0.3482940494922269,23.366071428571427,232
30,42.0,16,0.25,0.25,0.8854166666666666,24.3125,24.3125,20.875,0.1897117168462128,0.17060309669417786,0.295459374965403,0.7630522088353414,0.35989717223650386,389,0.30357142857142855,0.13392857142857142,0.9290958049886621,0.18780623429063706,0.17295067714689713,0.28709758983869493,0.8343459619813223,0.3567583461416072,23.491071428571427,249
31,43.0,16,0.1875,0.125,0.9104166666666667,26.25,26.25,23.5625,0.16494257880173901,0.14699594385299125,0.23272780224832756,0.8378378378378378,0.38333333333333336,420,0.29464285714285715,0.15178571428571427,0.910218253968254,0.1863586157457926,0.17031380858639697,0.2841133492794027,0.8417612041708659,0.3520564653893063,23.678571428571427,259
32,44.0,16,0.375,0.25,0.8715277777777778,21.125,21.125,17.5625,0.18190262004301633,0.17170195797193294,0.2757496241053973,0.788546255506608,0.32840236686390534,338,0.32142857142857145,0.14285714285714285,0.9134920634920635,0.18151136154651906,0.16480102468248697,0.2769765273025563,0.8315052653434984,0.34555503998544185,23.044642857142858,227
33,46.0,16,0.3125,0.125,0.9270833333333334,23.3125,23.3125,21.125,0.19625456631308255,0.17848480828473576,0.2910092313549188,0.8502024291497976,0.3378016085790885,373,0.30357142857142855,0.15178571428571427,0.9069444444444444,0.1794381286550415,0.1643604451045643,0.27484202132940866,0.8330916392267749,0.35691936862055945,23.491071428571427,247
34,47.0,16,0.375,0.1875,0.85,22.3125,22.3125,17.8125,0.17290323356118023,0.15679599926215157,0.2688921021582652,0.919831223628692,0.33613445378151263,357,0.30357142857142855,0.13392857142857142,0.9161706349206348,0.1818335792756876,0.16628011422230046,0.27723673493591283,0.8309366779181255,0.3587124839570356,23.517857142857142,237
35,49.0,16,0.3125,0.0625,0.95,23.0625,23.0625,21.5625,0.1687640371423143,0.1503448083538827,0.25669130203569707,0.8162393162393162,0.36585365853658536,369,0.30357142857142855,0.14285714285714285,0.910218253968254,0.18173980198934112,0.1667472144996294,0.27770984268246385,0.8294721592122275,0.3569626273879019,23.473214285714285,234
36,50.0,16,0.3125,0.0625,0.9541666666666666,24.0625,24.0625,22.6875,0.18158814787774533,0.17559650131207802,0.3033647124378517,0.8559322033898306,0.38701298701298703,385,0.29464285714285715,0.13392857142857142,0.9148809523809524,0.17795925682133043,0.16329734759727593,0.27363980893850914,0.822977408990222,0.35652419402639157,23.803571428571427,236
37,52.0,16,0.25,0.125,0.95,24.5,24.5,23.0,0.20647987119073566,0.1840407805183309,0.31222237021093247,0.7479674796747967,0.37244897959183676,392,0.2767857142857143,0.125,0.9190476190476191,0.17638788552479517,0.16181723806933293,0.27234289414099144,0.8123185692804084,0.36534213376669744,24.25,246
38,53.0,16,0.1875,0.1875,0.86875,25.9375,25.9375,22.0,0.1642861377973135,0.15026564579429397,0.2360395564741844,0.8275862068965517,0.3710843373493976,415,0.26785714285714285,0.09821428571428571,0.9404761904761905,0.1737115049208867,0.15998306190245906,0.26633988135534653,0.8037954646942271,0.36730324879121967,24.303571428571427,261
39,55.0,16,0.3125,0.1875,0.9041666666666667,23.4375,23.4375,20.5625,0.15543880386694148,0.14755288965545862,0.24725938789771434,0.7430830039525692,0.3253333333333333,375,0.2767857142857143,0.14285714285714285,0.9184523809523809,0.1794316243107601,0.16498263761907103,0.27505886211880753,0.7917816848233044,0.36294009367174984,24.017857142857142,253
40,56.0,16,0.1875,0.0625,0.95625,26.4375,26.4375,25.125,0.1852549672373359,0.16812404158913474,0.28193082777229483,0.7755905511811023,0.39952718676122934,423,0.2767857142857143,0.15178571428571427,0.9119047619047619,0.1791862210868619,0.16487690292052987,0.275350427003051,0.7758331182594604,0.3650295732787939,23.848214285714285,254
41,58.0,16,0.3125,0.0,1.0,22.6875,22.6875,22.6875,0.1541685693338208,0.1439567660940343,0.226871012658751,0.8601694915254238,0.349862258953168,363,0.29464285714285715,0.16071428571428573,0.9023809523809525,0.17606861148699718,0.1623128271834549,0.26943815580849345,0.785572549414182,0.3654440247736775,23.535714285714285,236
42,59.0,16,0.375,0.375,0.7958333333333334,21.0625,21.0625,14.9375,0.20880487287142802,0.18534183837016666,0.31772416737992426,0.7321428571428571,0.3353115727002967,337,0.3482142857142857,0.15178571428571427,0.9092261904761905,0.17629008876853117,0.16265292951657087,0.2753093536139396,0.7674266586791622,0.36093943926747357,22.223214285714285,224
43,61.0,16,0.3125,0.125,0.9083333333333333,22.875,22.875,20.125,0.17987032531045793,0.17485635842228991,0.3054056666275558,0.7442922374429224,0.4016393442622951,366,0.36607142857142855,0.13392857142857142,0.9172619047619047,0.1781151880568006,0.16540416970454164,0.2822146797953246,0.7822054657524159,0.3685291828572172,21.776785714285715,219
44,62.0,16,0.375,0.1875,0.8833333333333333,22.3125,22.3125,18.8125,0.18465660399168257,0.16609225035880626,0.27083647184902976,0.8161434977578476,0.3753501400560224,357,0.39285714285714285,0.15178571428571427,0.9047619047619048,0.17579516654616398,0.16356642090549345,0.28164314450023814,0.7898902279059621,0.36892048317016174,21.151785714285715,223
45,64.0,16,0.5625,0.125,0.9166666666666666,16.75,16.75,14.25,0.16583647876805138,0.15264636212610558,0.27713794111230744,0.7005649717514124,0.33955223880597013,268,0.41964285714285715,0.1875,0.887202380952381,0.1765779164469731,0.16430612866479513,0.28769873420060316,0.761335597879432,0.3664070705492847,20.705357142857142,177
46,65.0,16,0.4375,0.0625,0.9604166666666667,20.3125,20.3125,19.125,0.16821449888482776,0.16681157097125393,0.29559667116740934,0.8465346534653465,0.37846153846153846,325,0.44642857142857145,0.16964285714285715,0.8943452380952381,0.1674960565588642,0.15598810540908462,0.2779627926238285,0.7651686695696466,0.3600638588648267,20.151785714285715,202
47,67.0,16,0.375,0.1875,0.86875,22.0625,22.0625,18.125,0.1690148166628795,0.15525979999579737,0.2779300807066892,0.8293838862559242,0.40226628895184136,353,0.44642857142857145,0.16964285714285715,0.8952380952380953,0.15984788453279858,0.14562542608146037,0.261520275071014,0.7687313169679103,0.33927692256888964,20.160714285714285,211
48,68.0,16,0.5,0.25,0.8770833333333333,19.5625,19.5625,16.125,0.15964781863948457,0.14913472040914633,0.2692601405613066,0.6602870813397129,0.33226837060702874,313,0.4732142857142857,0.16071428571428573,0.9020833333333333,0.15404722322920822,0.13935454868111777,0.25597715250916925,0.7713278925206776,0.3400772426969409,19.410714285714285,209
49,70.0,16,0.5625,0.25,0.8458333333333333,17.1875,17.1875,12.5625,0.14523185365466593,0.12711567558019307,0.24957257634250152,0.7589743589743589,0.2909090909090909,275,0.45535714285714285,0.15178571428571427,0.9068452380952381,0.1486794799794547,0.13346028928063383,0.24836502473937802,0.7618925774843989,0.3462048001626353,19.866071428571427,195
50,71.0,16,0.3125,0.125,0.9145833333333333,22.9375,22.9375,20.375,0.12633312112799824,0.10231760312892005,0.19030804375785432,0.7692307692307693,0.2561307901907357,367,0.4732142857142857,0.16071428571428573,0.9023065476190476,0.14417566164586906,0.12604480442641314,0.23798896308320908,0.7354165106739708,0.3406174633117605,19.4375,273
51,73.0,16,0.5625,0.125,0.93125,17.0625,17.0625,15.0,0.14405197486654997,0.12219610855640806,0.2320346139161163,0.834319526627219,0.38095238095238093,273,0.45535714285714285,0.16071428571428573,0.9026041666666667,0.14091344459837796,0.12263655742042194,0.23489798859903452,0.7141553205739182,0.34647927475752105,19.75,169
52,74.0,16,0.4375,0.0625,0.95,19.9375,19.9375,18.4375,0.12826227601977694,0.11138654632271801,0.2238530467237689,0.6345177664974619,0.3824451410658307,319,0.4642857142857143,0.15178571428571427,0.9031994047619049,0.13789245085875454,0.11823584029986504,0.22825183231201943,0.7307027950946842,0.33432536627593906,19.339285714285715,197
53,76.0,16,0.5625,0.125,0.9286458333333334,17.3125,17.3125,15.5,0.13668777054972825,0.1149031769917091,0.22296423957422684,0.6612021857923497,0.33935018050541516,277,0.4375,0.14285714285714285,0.9067708333333332,0.1380589582063351,0.11744204356257539,0.22549798734948703,0.7124688017454834,0.3470526390032118,20.008928571428573,183
54,77.0,16,0.25,0.1875,0.8708333333333333,24.25,24.25,20.375,0.1461792973304419,0.131402070953859,0.25629325931746716,0.6805555555555556,0.44329896907216493,388,0.48214285714285715,0.14285714285714285,0.9067708333333334,0.14107596867000013,0.12050612860469885,0.23149301510792547,0.7113449256216072,0.3543320424292822,19.0,216
55,79.0,16,0.5625,0.1875,0.88125,16.6875,16.6875,13.125,0.13850086246212065,0.1183297005652481,0.222737046552201,0.7761194029850746,0.24719101123595505,267,0.4642857142857143,0.14285714285714285,0.9031994047619047,0.13911911588621143,0.11739514063681777,0.22703099530942142,0.6965520262133232,0.3405393693967664,19.482142857142858,201
56,80.0,16,0.375,0.1875,0.8708333333333333,21.875,21.875,18.0,0.1463974050877298,0.12155909841916543,0.23029566160477474,0.631336405529954,0.38,350,0.4642857142857143,0.15178571428571427,0.8972470238095239,0.14050581058173067,0.11667805235012775,0.22724261898835638,0.7125732976660668,0.33422367697559735,19.669642857142858,217
57,82.0,16,0.625,0.125,0.9145833333333333,15.875,15.875,13.3125,0.14745219437365353,0.1237661984237842,0.23227323806692324,0.7613636363636364,0.30708661417322836,254,0.41964285714285715,0.14285714285714285,0.9023809523809524,0.1392261118980006,0.1137931068578631,0.22176328793765707,0.7232061545397377,0.3337276315598837,20.705357142857142,176
58,83.0,16,0.4375,0.125,0.90625,20.4375,20.4375,17.625,0.13035400538002878,0.10041919278124056,0.20080047532658798,0.7307692307692307,0.28440366972477066,327,0.44642857142857145,0.14285714285714285,0.9011904761904762,0.13717421309568675,0.10869459835577824,0.21364174894990984,0.7222849527256788,0.31716025416776406,20.214285714285715,234
59,85.0,16,0.4375,0.125,0.9083333333333333,21.25,21.25,18.5,0.1379691388884118,0.10636692831588795,0.22533441247631367,0.7466666666666667,0.3382352941176471,340,0.41964285714285715,0.125,0.912797619047619,0.13484889297705896,0.10463332890118977,0.21048290761207428,0.7053260962145834,0.3350033987420296,20.901785714285715,225
60,86.0,16,0.25,0.0625,0.9645833333333333,24.5625,24.5625,23.5,0.12772987976361772,0.09470855854585639,0.1846089222193317,0.735632183908046,0.33587786259541985,393,0.42857142857142855,0.11607142857142858,0.9190476190476191,0.12944294480276805,0.09858285077435787,0.2026324712627075,0.7321358275512868,0.3233480699438437,20.589285714285715,261
61,88.0,16,0.4375,0.1875,0.8625,20.8125,20.8125,16.6875,0.13181600571424498,0.0957125114392651,0.1994424864032366,0.6741071428571429,0.32732732732732733,333,0.39285714285714285,0.10714285714285714,0.9255952380952381,0.1252366684422383,0.09341981074956941,0.1973327987896175,0.7356144917442368,0.327380206876282,21.330357142857142,224
62,89.0,16,0.375,0.0625,0.9625,21.5,21.5,20.375,0.12222362163172612,0.08990081438312875,0.2006251571873523,0.6574074074074074,0.37209302325581395,344,0.38392857142857145,0.125,0.9165674603174603,0.12259600590130494,0.090012038430355,0.19211591721851726,0.7236558621385484,0.31858784589519235,21.535714285714285,216
63,91.0,16,0.4375,0.125,0.9145833333333333,19.6875,19.6875,17.125,0.10855576786769344,0.07920575153134206,0.17534260715920713,0.8190045248868778,0.2984126984126984,315,0.42857142857142855,0.11607142857142858,0.9234126984126984,0.12071029314036603,0.08884007619155339,0.1892861750984047,0.7421992795054951,0.30518915308473477,20.508928571428573,221
64,92.0,16,0.375,0.0625,0.9604166666666667,21.0625,21.0625,19.875,0.11800825984994523,0.08762491825026515,0.1951755307552931,0.7857142857142857,0.3353115727002967,337,0.45535714285714285,0.16071428571428573,0.8969246031746031,0.12309929736635097,0.09054973577690316,0.19248162062736943,0.7567831529822905,0.298910239262319,19.875,224
65,94.0,16,0.375,0.25,0.8430555555555556,21.875,21.875,17.75,0.1118693675934953,0.0765647865467397,0.16428230432888632,0.6470588235294118,0.22285714285714286,350,0.4732142857142857,0.15178571428571427,0.9097222222222222,0.12141864022425719,0.08996690477326043,0.19030650839551405,0.7669910083137722,0.30939336676672313,19.419642857142858,272
66,95.0,16,0.75,0.0625,0.95625,14.0625,14.0625,12.75,0.12476914956183938,0.09816319264427643,0.2055262176355259,0.8764705882352941,0.24444444444444444,225,0.4732142857142857,0.16964285714285715,0.8995405179615705,0.12297531198403729,0.09181921631837293,0.18906533313878873,0.7868968026098104,0.29953952734571854,19.5,170
67,97.0,16,0.4375,0.375,0.7791666666666667,20.125,20.125,13.6875,0.14445290934551233,0.10667617564330494,0.20697704092208472,0.8377192982456141,0.2919254658385093,322,0.5089285714285714,0.16071428571428573,0.9054928989139517,0.12567222594581287,0.09470999972308367,0.19589363944237745,0.7998396590222582,0.29484630842606213,18.839285714285715,228
68,98.0,16,0.5625,0.125,0.9520833333333334,17.625,17.625,16.3125,0.12005140571958851,0.09163269441376605,0.1842167007802491,0.7455621301775148,0.40070921985815605,282,0.5357142857142857,0.16964285714285715,0.8980524227234754,0.12765347657498421,0.0978483400430394,0.19813493300986634,0.7852959104883618,0.2952879468724619,18.178571428571427,169
69,100.0,16,0.375,0.1875,0.8912280701754386,22.0625,22.0625,19.125,0.13312032395018672,0.10286699519891614,0.19193693039027498,0.7967479674796748,0.3031161473087819,353,0.5535714285714286,0.15178571428571427,0.9082706766917293,0.13007041258100754,0.1016692337094495,0.20433918498878564,0.8026333717886713,0.314298669805703,17.6875,246
70,101.0,16,0.6875,0.0625,0.95625,15.0625,15.0625,13.75,0.1274341656001226,0.09944123536431722,0.2231407512843282,0.9096045197740112,0.26556016597510373,241,0.5178571428571429,0.16071428571428573,0.9046992481203008,0.13007780040843372,0.10157041714663151,0.20092575173135385,0.795527955364676,0.32854315547876006,18.428571428571427,177
71,103.0,16,0.5625,0.125,0.9083333333333333,16.4375,16.4375,13.6875,0.13187701425414478,0.10959330048995518,0.21086458572771524,0.6839080459770115,0.33840304182509506,263,0.5267857142857143,0.11607142857142858,0.9294016290726818,0.12742736292966625,0.09937173925560368,0.19759907039132268,0.7942845619069384,0.33462276873335733,18.142857142857142,174
72,104.0,16,0.5,0.125,0.9145833333333333,18.4375,18.4375,15.875,0.12878791963565853,0.1033110422116105,0.2077120681813215,0.7684210526315789,0.3559322033898305,295,0.5267857142857143,0.10714285714285714,0.9349713569638382,0.13043473178200135,0.10101076363467566,0.2002135575791956,0.8149117080401573,0.3229812003310986,18.366071428571427,190
73,106.0,16,0.5,0.125,0.93125,19.25,19.25,17.1875,0.12482086435382268,0.09747147670455052,0.18163218483350346,0.8267326732673267,0.34415584415584416,308,0.5267857142857143,0.11607142857142858,0.9330994897959185,0.13010677669203546,0.10009398213517802,0.2009869428988921,0.8248203964874723,0.3287369783450717,18.464285714285715,202
74,107.0,16,0.5,0.0625,0.9520833333333334,18.125,18.125,16.6875,0.12589984699414006,0.09128543040611016,0.18369027154186626,0.8290155440414507,0.33448275862068966,290,0.5267857142857143,0.125,0.9280399659863946,0.13194817005792536,0.10180569855497999,0.1978957189536186,0.8121476825751934,0.31833853811110685,18.535714285714285,193
75,109.0,16,0.5625,0.0625,0.9910714285714286,19.1875,19.1875,19.0625,0.1411029876859342,0.10310586506727001,0.20251811109535953,0.8899521531100478,0.31921824104234525,307,0.5357142857142857,0.13392857142857142,0.925063775510204,0.13370198078983025,0.1007123399987193,0.1930052215810816,0.8440146394621983,0.31256084408944595,18.375,209
76,110.0,16,0.375,0.25,0.878125,22.75,22.75,19.1875,0.13082463832042546,0.09644952470243245,0.19735062762815062,0.8661087866108786,0.3434065934065934,364,0.5625,0.16071428571428573,0.9123086734693878,0.13709554330122775,0.10303728998068781,0.19371081932731987,0.8575179408629082,0.2928925247843228,17.991071428571427,239
77,112.0,16,0.6875,0.125,0.9208333333333333,15.5625,15.5625,13.1875,0.1403239191613518,0.11142325030293113,0.20150218366741385,0.8208955223880597,0.1927710843373494,249,0.5892857142857143,0.14285714285714285,0.9221301020408162,0.13792184393896817,0.10348796884871095,0.19464263844899785,0.872231806071823,0.2701591222523048,17.267857142857142,201
78,113.0,16,0.625,0.1875,0.8875,15.3125,15.3125,11.9375,0.14415368937747913,0.10193979059613031,0.1766311041199561,0.9069767441860465,0.2979591836734694,245,0.5803571428571429,0.14285714285714285,0.9248086734693877,0.13865463109239254,0.10483342567298289,0.19414148496821573,0.8779341624708945,0.2699949186398253,17.4375,172
79,115.0,16,0.6875,0.3125,0.825297619047619,15.75,15.75,11.25,0.1525428572154409,0.11958569208539006,0.21265125240498958,0.8629441624365483,0.21825396825396826,252,0.6071428571428571,0.15178571428571427,0.9126913265306121,0.13576710216005514,0.10449535730619532,0.19074586473358437,0.8868985266984167,0.26936585775017813,16.625,197
80,116.0,16,0.6875,0.0,1.0,14.1875,14.1875,14.1875,0.13060496881800565,0.10062622878071248,0.18815491868524908,0.9297297297297298,0.18502202643171806,227,0.6607142857142857,0.125,0.9241496598639455,0.1355426386149802,0.10508834365004335,0.18968581991550448,0.9023392069521622,0.26297099211161495,15.348214285714286,185
81,118.0,16,0.4375,0.0625,0.9708333333333333,19.3125,19.3125,18.4375,0.13102935706811064,0.10070362817601371,0.18018219717639142,0.8689320388349514,0.3333333333333333,309,0.6517857142857143,0.11607142857142858,0.9286139455782312,0.13494755772206984,0.10357176400517684,0.18638370407832558,0.905326690840228,0.277949272580429,15.375,206
82,119.0,16,0.75,0.125,0.90625,13.5,13.5,10.6875,0.12089028515957247,0.10073938649975711,0.1787487694529399,0.9527027027027027,0.3148148148148148,216,0.6428571428571429,0.09821428571428571,0.9381377551020409,0.13182351965443087,0.10205195789683463,0.18359208528477286,0.8990668552046274,0.2798971324697263,15.651785714285714,148
83,121.0,16,0.75,0.0625,0.9583333333333334,13.8125,13.8125,12.5625,0.1292533935049007,0.10060042910936869,0.18993031390159154,0.9741935483870968,0.2986425339366516,221,0.6160714285714286,0.08035714285714286,0.9514880952380952,0.13032036395060984,0.10058892998410267,0.17857164850238247,0.8832480304823391,0.28286902829876504,16.053571428571427,155
84,122.0,16,0.625,0.0625,0.9520833333333334,15.75,15.75,14.3125,0.13615835291097947,0.10080719278886556,0.17838737280716155,0.8418079096045198,0.2976190476190476,252,0.6160714285714286,0.08035714285714286,0.9514880952380952,0.12803038188554042,0.09870545250666504,0.17680784395848895,0.8657479141870421,0.2863692830262067,15.901785714285714,177
85,124.0,16,0.5625,0.0625,0.9541666666666666,17.25,17.25,15.875,0.12228542290400624,0.09130114783773488,0.15708977256508697,0.8631578947368421,0.3115942028985507,276,0.6160714285714286,0.09821428571428571,0.9416666666666667,0.12745227810415946,0.0977853670110015,0.17368267404655738,0.8546306387979221,0.27792074231960145,15.910714285714286,190
86,125.0,16,0.5,0.1875,0.91875,18.5625,18.5625,16.125,0.14202076728869367,0.10934449669626632,0.1775081949282568,0.7522123893805309,0.23905723905723905,297,0.5803571428571429,0.10714285714285714,0.9366071428571429,0.1287386568720572,0.0975210978348077,0.17336584120807977,0.8175335749566722,0.27798814366088814,16.785714285714285,226
87,127.0,16,0.6875,0.0,1.0,13.125,13.125,13.125,0.11457509436251954,0.08744188643864906,0.1758082868779946,0.8072289156626506,0.20952380952380953,210,0.5535714285714286,0.11607142857142858,0.9285714285714286,0.13021392253749645,0.09847900245733324,0.17419794307159098,0.7890586551796074,0.27443410432067117,17.160714285714285,166
88,128.0,16,0.4375,0.1875,0.9020833333333333,19.375,19.375,16.4375,0.12698263059844417,0.09426302970636882,0.1583060077928703,0.7911111111111111,0.27419354838709675,310,0.5535714285714286,0.13392857142857142,0.9218045112781955,0.12517250211172964,0.09500566747167268,0.16941504893755985,0.7955403091188885,0.2727334240485624,17.348214285714285,225
89,130.0,16,0.5,0.1875,0.8708333333333333,19.625,19.625,15.75,0.12989493653485665,0.09888950226640054,0.17653093958359659,0.6930232558139535,0.31528662420382164,314,0.5625,0.125,0.9283521303258144,0.12322326444180517,0.09434394615975228,0.1689118726516278,0.8025891812993395,0.27853806944130843,17.089285714285715,215
90,131.0,16,0.5625,0.125,0.9020833333333333,16.4375,16.4375,13.5,0.13958025316297532,0.10730576146704744,0.19575502694617022,0.774869109947644,0.2737642585551331,263,0.5803571428571429,0.11607142857142858,0.9283521303258145,0.12121587902884046,0.09333825926705666,0.16927054980603837,0.8172081906086144,0.29658483748807646,16.758928571428573,191
91,133.0,16,0.625,0.1875,0.9047149122807018,17.0625,17.0625,14.3125,0.10086840993061191,0.07649384788924152,0.14490711386894356,0.8871794871794871,0.2857142857142857,273,0.5892857142857143,0.11607142857142858,0.9283521303258145,0.12218194956136844,0.09425924194386161,0.16749259814947218,0.82956834551395,0.29801174971638245,16.714285714285715,195
92,134.0,16,0.625,0.0,1.0,15.4375,15.4375,15.4375,0.10864075921453498,0.08666909865429223,0.15356753856356253,0.9125,0.3522267206477733,247,0.6071428571428571,0.09821428571428571,0.9360902255639098,0.1206990693210513,0.09345329325084527,0.1677000818627021,0.8351091735290048,0.2982868718018078,16.339285714285715,160
93,136.0,16,0.625,0.125,0.91875,16.25,16.25,13.8125,0.1279690693979407,0.10230468844739707,0.18001893500913085,0.8545454545454545,0.36538461538461536,260,0.6696428571428571,0.08035714285714286,0.9535505430242273,0.1189314222851641,0.09363074667986328,0.1670424853081671,0.8626053060135982,0.26614275088380157,14.821428571428571,165
94,137.0,16,0.75,0.0,1.0,12.8125,12.8125,12.8125,0.12133758809021537,0.09388876517628367,0.16336262528203144,0.89375,0.21951219512195122,205,0.6607142857142857,0.08035714285714286,0.9547410192147036,0.11797815487123378,0.09242744867354043,0.16380110067433007,0.8701821441273899,0.2668226410806234,15.133928571428571,160
95,139.0,16,0.5625,0.0625,0.95625,16.75,16.75,15.4375,0.11660246891622421,0.0886213888552544,0.15975839378547962,0.8298969072164949,0.27611940298507465,268,0.6696428571428571,0.0625,0.9632936507936509,0.1203893884539475,0.09581219403943221,0.1661210155322924,0.8700244958684759,0.26484765753881956,14.633928571428571,194
96,140.0,16,0.9375,0.0625,0.9930555555555556,9.0,9.0,8.9375,0.11752140728364624,0.10013167626952657,0.1719277637018515,0.8854961832061069,0.09027777777777778,144,0.6875,0.08035714285714286,0.9578754578754578,0.12162278823937268,0.09732073977581399,0.16884400311917683,0.8721493961079013,0.24523130897510262,14.464285714285714,131
97,142.0,16,0.5,0.125,0.9104166666666667,18.625,18.625,15.9375,0.1329073812654631,0.09888267542278738,0.1730653345093112,0.827906976744186,0.2785234899328859,298,0.7142857142857143,0.07142857142857142,0.964720695970696,0.12083974714207578,0.09770491063630493,0.16938487024837842,0.887017286837861,0.22629125432076225,13.830357142857142,215
98,143.0,16,0.6875,0.0625,0.9645833333333333,13.5625,13.5625,12.5,0.1177470450096079,0.10018706545048425,0.16114651787467962,0.8860759493670886,0.271889400921659,217,0.7053571428571429,0.09821428571428571,0.9477564102564103,0.12102249555966894,0.09844472581149825,0.16847936453154944,0.8865276555014555,0.2393768137477851,14.008928571428571,158
99,145.0,16,0.75,0.125,0.9620726495726496,14.25,14.25,13.8125,0.1172745577125113,0.09722891880896459,0.1726284516717536,0.9273743016759777,0.2149122807017544,228,0.6964285714285714,0.09821428571428571,0.9468635531135531,0.11884836643091577,0.09706486581304882,0.16488794321942452,0.8587586714264688,0.236267670563755,14.178571428571429,179
100,146.0,16,0.8125,0.0625,0.9666666666666667,11.8125,11.8125,10.8125,0.1224877817168623,0.10499388447083366,0.18380500491354204,0.9586206896551724,0.2328042328042328,189,0.6428571428571429,0.08928571428571429,0.9478556166056167,0.1201007089209932,0.09652912425707247,0.16192562078506634,0.8675975625474008,0.26788430272386543,15.357142857142858,145
101,148.0,16,0.6875,0.1875,0.88125,14.0625,14.0625,10.9375,0.12261682701336767,0.09906747140263698,0.1570240852642287,0.8903225806451613,0.3111111111111111,225,0.6696428571428571,0.09821428571428571,0.9453630570818071,0.11888534103493177,0.0963914640229494,0.1596804926390765,0.8711296485764269,0.26016520357893425,14.883928571428571,155
102,149.0,16,0.5,0.0625,0.95,17.9375,17.9375,16.4375,0.10138356501495184,0.07896236886610833,0.13461844460060501,0.6355140186915887,0.25435540069686413,287,0.6607142857142857,0.10714285714285714,0.9367321047008547,0.11862115976913314,0.09527476651631431,0.1594917778986587,0.8707756391808262,0.26112756833276485,15.285714285714286,214
103,151.0,16,0.5625,0.0,1.0,17.25,17.25,17.25,0.12628780471418827,0.0963814853776921,0.15119150666134432,0.9473684210526315,0.3115942028985507,276,0.6696428571428571,0.11607142857142858,0.9228050595238095,0.12014450444391016,0.09645921396754374,0.16099389023704194,0.8730453691339034,0.2581809159876162,14.8125,190
104,152.0,16,0.6875,0.1875,0.89296875,15.3125,15.3125,12.375,0.12439980606303316,0.09791905378392594,0.1573494374873823,0.8526315789473684,0.22448979591836735,245,0.6339285714285714,0.125,0.9162574404761905,0.11958312742221197,0.09454572157396857,0.15563001785321617,0.8461071957454258,0.2677268067534107,15.508928571428571,190
105,154.0,16,0.625,0.125,0.9041666666666667,16.375,16.375,13.5,0.11589777614901738,0.0923701829040385,0.15982551469175502,0.8835978835978836,0.2786259541984733,262,0.6160714285714286,0.125,0.9228050595238094,0.1193357296234918,0.09409890367631056,0.15569478134765222,0.8421675553731477,0.2620578725130479,16.0,189
106,155.0,16,0.8125,0.1875,0.8645833333333334,10.9375,10.9375,6.875,0.1279379704359505,0.10552005096757064,0.18314323804043622,0.9432624113475178,0.19428571428571428,175,0.6517857142857143,0.125,0.9251860119047619,0.1222385781742631,0.09669212547620569,0.16010360986271957,0.8781942005256863,0.254900718006201,15.535714285714286,141
107,157.0,16,0.5625,0.125,0.9208333333333333,16.6875,16.6875,14.3125,0.11855814256497493,0.09159943771580746,0.14625789822676163,0.7700534759358288,0.299625468164794,267,0.6785714285714286,0.15178571428571427,0.9061383928571429,0.12049629047713004,0.0955627686899692,0.15966484036738923,0.8814358375523847,0.24860781182771133,15.107142857142858,187
108,158.0,16,0.5625,0.1875,0.9270833333333334,17.5,17.5,15.3125,0.12088504242232646,0.09593974611903094,0.15747742972528125,0.8627450980392157,0.2714285714285714,280,0.6785714285714286,0.13392857142857142,0.9148809523809524,0.11884240918419449,0.09287033524321295,0.15663464592559162,0.8855393165889593,0.2557650072585769,15.098214285714286,204
109,160.0,16,0.75,0.0625,0.9666666666666667,14.6875,14.6875,13.6875,0.12170350487035095,0.09711492146537432,0.1654802442060764,0.8877005347593583,0.20425531914893616,235,0.6785714285714286,0.13392857142857142,0.9189066416040099,0.11833539935486861,0.09094067876583077,0.15302641004909673,0.8911260923620705,0.25167558523022354,15.223214285714286,187
110,161.0,16,0.75,0.1875,0.8666666666666667,14.25,14.25,10.25,0.11409179083425681,0.08847598787403667,0.14812012019403184,0.9700598802395209,0.2675438596491228,228,0.6071428571428571,0.125,0.9269423558897243,0.11594625088258906,0.08630997194622346,0.14418466837023694,0.8663563874534891,0.2734911311207109,16.928571428571427,167
111,163.0,16,0.6875,0.0625,0.9541666666666667,15.25,15.25,13.875,0.11282263701248424,0.07907201965663212,0.1361380763947991,0.8813559322033898,0.27459016393442626,244,0.5892857142857143,0.11607142857142858,0.9322994987468672,0.11371506207367874,0.08367742300907406,0.1423069742029475,0.8860190777044146,0.28250822110277113,17.276785714285715,177
112,164.0,16,0.625,0.125,0.9323464912280701,17.25,17.25,15.4375,0.11234870734373646,0.07886258756236332,0.13456786355629075,0.9227053140096618,0.25,276,0.5982142857142857,0.09821428571428571,0.937061403508772,0.11204991814105604,0.08072536319862413,0.13956818741993657,0.8880562562121813,0.2814155005499831,17.044642857142858,207
113,166.0,16,0.3125,0.125,0.9208333333333334,22.875,22.875,20.5,0.11121393112999349,0.07310510323031937,0.12125104628841768,0.7698744769874477,0.3469945355191257,366,0.5982142857142857,0.10714285714285714,0.9284304511278195,0.11168727135477538,0.07872431874067112,0.1354637360535694,0.8859322326668726,0.28172502900708135,16.892857142857142,239
114,167.0,16,0.4375,0.0625,0.9583333333333334,19.125,19.125,17.875,0.1029398209026027,0.07317159515576167,0.1331140390557356,0.9076923076923077,0.3627450980392157,306,0.5535714285714286,0.09821428571428571,0.9352756892230577,0.11138017408991498,0.0771631393253014,0.13250492867818456,0.87471074034155,0.28866576795121585,17.625,195
115,169.0,16,0.625,0.0625,0.9604166666666667,15.875,15.875,14.6875,0.1092290348939676,0.07527532744588142,0.13830592224420463,0.8770053475935828,0.2637795275590551,254,0.5625,0.08928571428571429,0.9418233082706767,0.11012761821855876,0.07630989416353227,0.12982765728466664,0.8666135106946836,0.28703258663727527,17.3125,187
116,170.0,16,0.75,0.125,0.90625,13.625,13.625,10.8125,0.11916497736638634,0.08310761025970331,0.13674908464150634,0.8728323699421965,0.20642201834862386,218,0.5535714285714286,0.09821428571428571,0.9330357142857143,0.11150110304627654,0.07865295854423447,0.13157719290121037,0.8586549049635356,0.2863687523303183,17.25,173
117,172.0,16,0.4375,0.125,0.9145833333333333,19.375,19.375,16.8125,0.11194210998023403,0.07754773196644864,0.12740846856633803,0.8915094339622641,0.3161290322580645,310,0.6160714285714286,0.08928571428571429,0.9404761904761906,0.11235866234480156,0.08018871642244382,0.13440499488166108,0.8752767718096403,0.26920551180642205,15.910714285714286,212
118,173.0,16,0.75,0.0,1.0,13.0625,13.0625,13.0625,0.10405474591299066,0.07309930352424825,0.11739717664017345,0.8246753246753247,0.2631578947368421,209,0.6696428571428571,0.08928571428571429,0.9392857142857142,0.11176601442003607,0.08031250446793825,0.13538712924556354,0.8709351012103008,0.2395905570162158,14.901785714285714,154
119,175.0,16,0.5625,0.1875,0.8708333333333333,16.8125,16.8125,12.9375,0.12196310113776092,0.09526403822727866,0.14681461287209704,0.8669950738916257,0.24535315985130113,269,0.6517857142857143,0.125,0.9166666666666667,0.11498813740711293,0.08369352510725936,0.1380933010879325,0.8770771944112176,0.2537730994850314,15.4375,203
120,176.0,16,0.75,0.0625,0.9729166666666667,13.5,13.5,12.6875,0.1172168462196688,0.0838554083777848,0.14104566015157263,0.8862275449101796,0.22685185185185186,216,0.625,0.11607142857142858,0.9238095238095239,0.11354418211964756,0.0827297721644452,0.13537360077701818,0.8840248513603877,0.26792060335730594,15.946428571428571,167
121,178.0,16,0.8125,0.0625,0.95,12.0625,12.0625,10.5625,0.09879128542924415,0.07403811147422264,0.13998897960305282,0.8773006134969326,0.15544041450777202,193,0.6696428571428571,0.10714285714285714,0.9337797619047619,0.1144813325079357,0.08374923605795785,0.13433552078307737,0.889640305089049,0.25996861536030663,15.098214285714286,163
122,179.0,16,0.5,0.3125,0.8020833333333334,19.625,19.625,13.6875,0.13178389580350566,0.09894247192112925,0.1572491251407873,0.92,0.3630573248407643,314,0.6696428571428571,0.11607142857142858,0.928422619047619,0.11609984912570946,0.08552410069822967,0.13672729020308236,0.9045549750189165,0.2640113856024951,15.008928571428571,200
123,181.0,16,0.5625,0.0625,0.95625,17.1875,17.1875,15.875,0.10905729035412876,0.07636133966000416,0.11771118246510624,0.9214659685863874,0.3054545454545455,275,0.6696428571428571,0.09821428571428571,0.9421130952380954,0.11625897527578062,0.08411522100990687,0.13366098712550228,0.9117909728663314,0.280518399286466,14.982142857142858,191
124,182.0,16,0.75,0.0625,0.984375,13.4375,13.4375,13.1875,0.11850216269825095,0.08468397922103729,0.12014190860875214,0.9308176100628931,0.26046511627906976,215,0.6696428571428571,0.08928571428571429,0.9459821428571429,0.1152226052004872,0.08371606386690358,0.13201344235781962,0.9226533451567908,0.28382527759334425,14.946428571428571,159
125,184.0,16,0.75,0.0625,0.9625,12.4375,12.4375,11.3125,0.11538436223740699,0.08552335600615091,0.13413956258020854,0.9290780141843972,0.2914572864321608,199,0.6607142857142857,0.08035714285714286,0.953125,0.1156481924810779,0.08418494862226664,0.1310694571532466,0.9252316628299866,0.28802437883834103,15.107142857142858,141
126,185.0,16,0.5625,0.0625,0.9666666666666667,16.625,16.625,15.625,0.12307698418825899,0.08540188040901904,0.1253504913290365,0.9176470588235294,0.3609022556390977,266,0.6696428571428571,0.0625,0.9656250000000001,0.11453779243209915,0.08354464409946734,0.12879580854227898,0.9048356232260261,0.2713402833920058,14.696428571428571,170
127,187.0,16,0.75,0.0,1.0,13.25,13.25,13.25,0.10996225569261486,0.0810613083767618,0.12951284677779393,0.9622641509433962,0.25,212,0.6875,0.08035714285714286,0.9540178571428571,0.11509739484911512,0.08534081576090588,0.13180956826809445,0.9011411128000273,0.258973079780167,14.321428571428571,159
128,188.0,16,0.75,0.0,1.0,13.1875,13.1875,13.1875,0.101770396393379,0.07732030476176399,0.1333810831710417,0.8953488372093024,0.1848341232227488,211,0.6696428571428571,0.09821428571428571,0.9363095238095239,0.11525411231314273,0.08630384185460772,0.1362460342437824,0.8790810992950355,0.2687875869783951,14.544642857142858,172
129,190.0,16,0.5625,0.1875,0.8895833333333333,16.75,16.75,13.4375,0.12401109546065449,0.09446034026153419,0.14133358486401412,0.7772277227722773,0.2462686567164179,268,0.6607142857142857,0.11607142857142858,0.9220238095238095,0.119572029319449,0.0896354067412175,0.13880849689228061,0.8679026300232314,0.26226987939284835,14.910714285714286,202
130,191.0,16,0.6875,0.1875,0.875,14.5625,14.5625,10.8125,0.11297450727324053,0.08893454129007392,0.1388075005458143,0.8956043956043956,0.21888412017167383,233,0.6964285714285714,0.11607142857142858,0.9202380952380952,0.12002075236995455,0.09186728539155806,0.14131057208565398,0.8746014797758983,0.24527462628311544,14.196428571428571,182
131,193.0,16,0.625,0.1875,0.8604166666666667,15.0,15.0,10.8125,0.11959918494644421,0.0914251618769503,0.1511971704385679,0.7763975155279503,0.32916666666666666,240,0.6875,0.11607142857142858,0.9202380952380952,0.12022768855453969,0.09300266760970624,0.1431509577784575,0.8728889215116878,0.24940097801902897,14.544642857142858,161
132,194.0,16,0.6875,0.1875,0.8625,15.0,15.0,10.875,0.145609781281551,0.10884431021241936,0.15207680111969588,0.850828729281768,0.24583333333333332,240,0.7053571428571429,0.125,0.9180059523809524,0.1196708271965774,0.09406545038818837,0.1420736642765859,0.8837574549715833,0.24537131841922147,14.142857142857142,181
133,196.0,16,0.8125,0.0625,0.9541666666666666,11.625,11.625,10.25,0.12621804554179766,0.10102503096140288,0.1428650176826502,0.9645390070921985,0.24193548387096775,186,0.7410714285714286,0.11607142857142858,0.9261904761904763,0.11795844971182572,0.09339924759862202,0.13961465196238862,0.9084898674225551,0.24114246269782844,13.357142857142858,141
134,197.0,16,0.6875,0.0,1.0,15.6875,15.6875,15.6875,0.11141080898471098,0.08900898390379913,0.14239554662741843,0.9502762430939227,0.2788844621513944,251,0.7589285714285714,0.08928571428571429,0.9440476190476191,0.11605620805943466,0.09221832284404823,0.13764985022509085,0.9031270274975031,0.23238883062361415,12.919642857142858,181
135,199.0,16,0.875,0.0625,0.984375,10.375,10.375,10.25,0.09787236688764299,0.08475978421113879,0.12584002865794064,0.9714285714285714,0.1566265060240964,166,0.7678571428571429,0.09821428571428571,0.9433170995670995,0.11737690969814984,0.09421765523167028,0.13813921680426602,0.914778031772731,0.2198477797204943,12.848214285714286,140
136,200.0,16,0.8125,0.125,0.946875,11.25,11.25,9.75,0.11202445306739266,0.08979692073456963,0.12412049866463322,0.950354609929078,0.21666666666666667,180,0.75,0.11607142857142858,0.9361742424242424,0.11528963309184537,0.09393282259524922,0.13792764074482547,0.9053806031570444,0.21917655378331088,13.223214285714286,141
137,202.0,16,0.8125,0.0,1.0,11.5,11.5,11.5,0.09965881570650319,0.08066806800805756,0.1250538883847298,0.8580645161290322,0.15760869565217392,184,0.7678571428571429,0.10714285714285714,0.9427218614718615,0.11146819688830167,0.09067852435033143,0.13322758098861406,0.9092149321931343,0.19901079805866548,12.714285714285714,155
138,203.0,16,0.6875,0.25,0.8553030303030303,14.5,14.5,10.375,0.12884409641745048,0.10542048859030463,0.15462273649279407,0.8579545454545454,0.2413793103448276,232,0.7767857142857143,0.16071428571428573,0.9157358266733266,0.1153933688926251,0.0939973341297863,0.13348407821427424,0.8850419101450592,0.19128025235158552,12.419642857142858,176
139,205.0,16,0.5625,0.3125,0.8125,17.625,17.625,12.0,0.13099884503741957,0.10685048175747182,0.15059576870361188,0.7850467289719626,0.24113475177304963,282,0.7678571428571429,0.16964285714285715,0.908741779054279,0.11914266930251552,0.09638266801563457,0.13681029503553982,0.8829123626738967,0.19618429061519274,12.714285714285714,214
140,206.0,16,0.9375,0.0,1.0,8.0625,8.0625,8.0625,0.09946799211699177,0.07824494324697846,0.10996459938917057,0.9913793103448276,0.10077519379844961,129,0.7767857142857143,0.16071428571428573,0.9116318166482639,0.11840480103953832,0.09588062062471545,0.13647865543334972,0.8832018401670216,0.18626164135244191,12.866071428571429,116
141,208.0,16,0.75,0.375,0.8110977564102564,13.625,13.625,8.5625,0.13888701301497502,0.11224065235998322,0.14419102720703963,0.7810650887573964,0.22477064220183487,218,0.7589285714285714,0.17857142857142858,0.8979413404577878,0.12371705820645722,0.09976726357469999,0.14048832479625337,0.8788751632596996,0.1962415149962454,13.303571428571429,169
142,209.0,16,0.8125,0.125,0.9354166666666667,12.4375,12.4375,10.9375,0.12411746975687589,0.10145712141207665,0.14912354640679967,0.9565217391304348,0.19095477386934673,199,0.7678571428571429,0.15178571428571427,0.9153385266049741,0.12095628571653082,0.09732195617822416,0.13779449004332456,0.882914163181933,0.187669120521214,13.053571428571429,161
143,211.0,16,0.875,0.0625,0.9671052631578947,12.3125,12.3125,11.6875,0.10685937522655226,0.0862825889981358,0.12179902144930255,0.9523809523809523,0.14720812182741116,197,0.7946428571428571,0.13392857142857142,0.9242670980335455,0.12190972237289521,0.09829473895174091,0.13963383157520398,0.8867310170262745,0.1793201999382509,12.392857142857142,168
144,212.0,16,0.6875,0.125,0.9041666666666667,14.5625,14.5625,11.6875,0.13684461587493552,0.10787456865794925,0.15312157392505532,0.8277777777777777,0.22746781115879827,233,0.7410714285714286,0.16964285714285715,0.9019456694621167,0.1276114375542188,0.10285807551639115,0.145760040698164,0.8655687217260483,0.20989728865487448,13.651785714285714,180
145,214.0,16,0.75,0.0625,0.9770833333333333,12.75,12.75,12.0625,0.10951868898796566,0.08830333681497385,0.13576589322229238,0.8862275449101796,0.18137254901960784,204,0.7142857142857143,0.14285714285714285,0.9110745614035088,0.12614166646567,0.10100768390558978,0.14517785327014357,0.8737796614273724,0.22054006448214106,14.151785714285714,167
146,215.0,16,0.75,0.1875,0.875,13.0,13.0,9.25,0.1376729016319704,0.11365996117208917,0.16347115942676793,0.8117647058823529,0.18269230769230768,208,0.7321428571428571,0.13392857142857142,0.912860275689223,0.12370069073915776,0.0986589888864985,0.14198158935284771,0.8763588802925162,0.21216837409744446,13.589285714285714,170
147,217.0,16,0.5625,0.25,0.84375,16.875,16.875,12.1875,0.13937999838625698,0.11018829919953001,0.15284806324989064,0.8432432432432433,0.3148148148148148,270,0.7410714285714286,0.13392857142857142,0.9164434523809524,0.1242249367378403,0.0986421633412754,0.14188398540739547,0.8768959372205505,0.20967735560301604,13.0,185
148,218.0,16,0.5625,0.1875,0.875,17.125,17.125,13.375,0.12859861539513334,0.09928791108437375,0.14011571521089652,0.8385416666666666,0.29927007299270075,274,0.75,0.13392857142857142,0.9170386904761906,0.12237746646863264,0.09614805320428953,0.13890519042923263,0.8831593434839569,0.2143248111517591,12.705357142857142,192
149,220.0,16,0.9375,0.0625,0.9479166666666666,8.5,8.5,6.9375,0.10703063967129023,0.08501625627843767,0.1267496989857287,0.9745762711864406,0.1323529411764706,136,0.7321428571428571,0.13392857142857142,0.9164434523809524,0.12102905443868879,0.0941084501982001,0.13376767355777014,0.8905760270534893,0.22629323488488876,13.241071428571429,118
150,220.0,16,0.9375,0.0625,0.9921875,8.1875,8.1875,8.125,0.11052909721732992,0.08616481018157406,0.12111579383113683,0.956140350877193,0.1297709923664122,131,0.75,0.13392857142857142,0.91914908008658,0.12006987582527374,0.09120489849952562,0.12997532693927077,0.9082831098866225,0.22329099760121432,12.875,114
151,222.0,16,0.75,0.125,0.9083333333333333,12.5,12.5,9.75,0.12391232399048188,0.09041579769904824,0.13227000907791567,0.8716216216216216,0.26,200,0.7857142857142857,0.09821428571428571,0.9414705086580086,0.11466200942154363,0.08627431828825784,0.12216214860980693,0.9269663571412983,0.20415331888906754,12.142857142857142,148
152,223.0,16,0.625,0.0625,0.9729166666666667,16.5,16.5,15.6875,0.10007980477835869,0.07402611577234783,0.09980327512205472,0.9381443298969072,0.26515151515151514,264,0.8214285714285714,0.09821428571428571,0.9454883658008658,0.11178329498920679,0.08341666414893785,0.1189605612608429,0.9491814931957202,0.19051351834644067,11.580357142857142,194
153,225.0,16,0.875,0.1875,0.8939393939393939,10.4375,10.4375,7.6875,0.13095865133806517,0.09333509928136788,0.13692473309727243,0.9357142857142857,0.16167664670658682,167,0.7946428571428571,0.09821428571428571,0.950944715007215,0.11174218674445345,0.08228026964915801,0.11708414663200625,0.947489585776894,0.20648187752109645,12.267857142857142,140
154,226.0,16,0.8125,0.0,1.0,11.75,11.75,11.75,0.10152493356014612,0.07567423772065549,0.09815581494364374,0.974025974025974,0.18085106382978725,188,0.7589285714285714,0.11607142857142858,0.9359893578643579,0.11527121208817058,0.08502162218008302,0.11946497467686736,0.9239179985810565,0.22820290458563494,13.0625,154
155,227.0,16,0.8125,0.1875,0.903125,13.1875,13.1875,10.4375,0.1084476143687755,0.07928433210913378,0.11770460376814837,0.9940476190476191,0.2037914691943128,211,0.7589285714285714,0.11607142857142858,0.9374774531024531,0.11235344241316456,0.08352690060044164,0.11450906503530589,0.9386180944913435,0.22121080121162204,13.053571428571429,168
156,229.0,16,0.75,0.0625,0.9861111111111112,13.3125,13.3125,13.1875,0.10674288195801684,0.07706149477997877,0.11361479658387202,0.9627329192546584,0.24413145539906103,213,0.7857142857142857,0.125,0.9288465007215007,0.11307882533919177,0.08469312268908054,0.11655398019224057,0.9217225868485732,0.20449603449685536,12.383928571428571,161
157,230.0,16,0.6875,0.1875,0.8875,13.75,13.75,10.375,0.13523227462334983,0.10535427789804913,0.1377815901451647,0.7911392405063291,0.2818181818181818,220,0.7589285714285714,0.10714285714285714,0.9377480158730158,0.111111833029652,0.08412141346159495,0.11489667016022335,0.92495387936558,0.21945302008898987,12.9375,158
158,232.0,16,0.75,0.125,0.91875,12.4375,12.4375,10.0,0.10348793626543963,0.07995274664155864,0.09757864158698534,0.9745222929936306,0.21105527638190955,199,0.7142857142857143,0.10714285714285714,0.9377480158730158,0.11351655168518988,0.08573071282744,0.11823040801023317,0.9159494208472846,0.2470129383709172,13.982142857142858,157
159,233.0,16,0.8125,0.125,0.9125,11.8125,11.8125,9.1875,0.1051574852605493,0.08218967039282007,0.11411768122059747,0.8198757763975155,0.14814814814814814,189,0.6696428571428571,0.09821428571428571,0.9396825396825397,0.11772439033815922,0.08893555515134151,0.12060205400491317,0.8869163790591407,0.2661624196057065,14.741071428571429,161
160,234.0,16,0.6875,0.0625,0.95625,14.3125,14.3125,13.0,0.1171897051712868,0.08933313468896871,0.125323562873152,0.9583333333333334,0.2663755458515284,229,0.6696428571428571,0.09821428571428571,0.9375,0.11690159045878379,0.08906737042002437,0.11750335664847782,0.880264199832855,0.263693904813248,14.767857142857142,168
161,236.0,16,0.5,0.0,1.0,19.0625,19.0625,19.0625,0.1183579641489113,0.08693933328157087,0.12149197989371238,0.9109947643979057,0.3737704918032787,305,0.6517857142857143,0.10714285714285714,0.9333333333333333,0.11498144516153683,0.087492548834577,0.11516335583475228,0.8796342880205087,0.26199076366374013,15.383928571428571,191
162,237.0,16,0.5,0.125,0.9166666666666666,18.5,18.5,16.0,0.13790248493956095,0.10171822837644433,0.13430612573090828,0.7908163265306123,0.33783783783783783,296,0.6517857142857143,0.11607142857142858,0.930573593073593,0.11977008906288963,0.09139162797609698,0.12200550872990812,0.8639926282852225,0.2658854037533739,15.517857142857142,196
163,239.0,16,0.75,0.0625,0.9708333333333333,13.5,13.5,12.625,0.10098328280238872,0.07798420166075883,0.09192391508882469,0.9161676646706587,0.22685185185185186,216,0.6160714285714286,0.10714285714285714,0.9368235930735931,0.12007405744579157,0.09190317600223089,0.12117636132887075,0.8762616834146723,0.2887172418026032,16.294642857142858,167
164,239.0,16,0.5625,0.25,0.8583333333333333,18.0625,18.0625,13.8125,0.1217912575426211,0.09433052679991752,0.1214015844490859,0.7867298578199052,0.2698961937716263,289,0.6071428571428571,0.125,0.9270021645021645,0.12058800558621166,0.09321407782097876,0.12041423622575854,0.8390246955962891,0.2911397828714325,16.392857142857142,211
165,241.0,16,0.75,0.1875,0.8994318181818182,13.375,13.375,11.4375,0.13700844357490932,0.10724630063219853,0.1454737118530763,0.8650306748466258,0.2383177570093458,214,0.625,0.125,0.9270021645021644,0.12187560565628473,0.09505761906630518,0.12383046038288219,0.8023754809366032,0.27189311614256345,15.910714285714286,163
166,242.0,16,0.5625,0.0625,0.95625,17.25,17.25,15.9375,0.1072852639408627,0.08577050657575745,0.10831364941333567,0.9057591623036649,0.3079710144927536,276,0.6696428571428571,0.11607142857142858,0.936228354978355,0.11862779864761233,0.09416277966639464,0.11913262601118683,0.8258383171144131,0.24710474628377105,15.169642857142858,191
167,244.0,16,0.625,0.1875,0.8875,15.0,15.0,11.625,0.12078734215422751,0.09850944742020383,0.11998868715136675,0.6976744186046512,0.2833333333333333,240,0.6517857142857143,0.11607142857142858,0.9341450216450217,0.11820274753789836,0.09429939182999068,0.11837431678089931,0.825427907545442,0.26138994588025466,15.535714285714286,172
168,245.0,16,0.625,0.0,1.0,15.6875,15.6875,15.6875,0.12737116463942277,0.0998441219988558,0.1454055489935779,0.6544502617801047,0.23904382470119523,251,0.6785714285714286,0.08928571428571429,0.9478354978354978,0.11638220570933515,0.09317777912127014,0.11736345818496509,0.8392610198334006,0.2603513842880599,14.723214285714286,191
169,247.0,16,0.8125,0.0625,0.98125,13.3125,13.3125,12.9375,0.11516783587885421,0.0954543525770705,0.10142128512904075,0.9550561797752809,0.1643192488262911,213,0.6666666666666666,0.07291666666666667,0.9559027777777778,0.11294449939840612,0.0908330255361154,0.11267841590694656,0.8349660773311965,0.26402365550117884,14.947916666666666,178
170,248.0,16,0.625,0.0625,0.95625,16.0625,16.0625,14.75,0.09800792503439085,0.07894048680593121,0.08661575047681204,0.9132947976878613,0.32684824902723736,257,0.6875,0.075,0.9558333333333333,0.1140763464899148,0.09184552932818699,0.11355136920566873,0.8208074603367029,0.2552341837028639,14.4875,173
171,250.0,16,0.75,0.0625,0.9541666666666667,12.375,12.375,11.0,0.10904746474267875,0.08647923783887368,0.11432557427754637,0.8835616438356164,0.26262626262626265,198,0.703125,0.046875,0.9729166666666667,0.11239859757383663,0.09017954980518278,0.11194203971924424,0.8515907207697158,0.24820939629524655,14.359375,146
