turn,trajectory_count,success_trajectory_count,failure_trajectory_count,student_entropy_topk_mean,teacher_entropy_topk_mean,entropy_teacher_minus_student,student_surprisal_mean,teacher_surprisal_mean,sampled_reverse_kl_mean,sampled_reverse_kl_token_weighted,student_topk_mass_mean,teacher_topk_mass_mean,valid_action_rate,mean_response_tokens
0,8000,913,7087,0.2161085524394023,0.15524597922701563,-0.06086257321238667,0.2187908613998234,1.045297048316426,0.8265061871706897,0.8068800607906936,0.9998948150365665,0.9999184048237253,0.97375,113.829
1,8000,913,7087,0.25355455367175134,0.23899289788774467,-0.014561655784006672,0.2589701207861883,0.9892401165300365,0.7302699957521771,0.7321043365026559,0.9999006017392338,0.999852209529046,0.9805,136.341125
2,8000,913,7087,0.1951828677493956,0.16323058545859265,-0.031952282290802964,0.20163549529247957,1.032970443907235,0.8313349486369872,0.8071957201010216,0.999952755901558,0.9999493305297371,0.8495,108.916125
3,7995,908,7087,0.19608597217952375,0.21635221734716986,0.020266245167646108,0.19867343604998236,0.8606371371219419,0.6619637013277541,0.6466148020843097,0.9999523398621473,0.9998542182479491,0.8870544090056285,119.00612883051907
4,7916,829,7087,0.20659585113459644,0.2292856900356251,0.02268983890102866,0.2107675621319242,0.8676589398622631,0.6568913779266377,0.6361951102830433,0.9999430586953185,0.9998164370561019,0.8705154118241536,124.76174835775645
5,7849,762,7087,0.21176908760078736,0.2354715796616025,0.02370249206081515,0.2153477637535436,0.8595164601084152,0.6441686965345792,0.626433408982164,0.9999409573470679,0.9998238022355309,0.8545037584405657,127.07618804943304
6,7796,709,7087,0.2132466679683562,0.24402359205137694,0.03077692408302074,0.2206737324933716,0.8529738521607241,0.6323001198104932,0.6154432377624527,0.9999340233546395,0.9997908693050459,0.8435094920472037,128.20613134940996
7,7750,663,7087,0.21499904331278055,0.25221445288664257,0.03721540957386202,0.21829881636702597,0.8318445653997147,0.6135457491926202,0.5974563964535253,0.999944646453709,0.9997784390029804,0.836258064516129,129.84709677419355
8,7715,628,7087,0.21824525935248615,0.2592757934333352,0.04103053408084903,0.2238450573036134,0.8271680518483355,0.6033229946244124,0.5882431151010432,0.999942409083589,0.9997599744603133,0.8281270252754375,130.94154244977318
9,7685,598,7087,0.21809725171485705,0.2659840893865298,0.04788683767167273,0.2255744528625107,0.8131986437734176,0.5876241909942754,0.5729404217046095,0.9999417834764945,0.9997227896390695,0.8270657124268055,130.43890696161353
10,7651,564,7087,0.21841404915814228,0.2700762878775054,0.05166223871936315,0.22749154455892792,0.8076930968143564,0.5802015524848654,0.5653878994852155,0.9999394732878065,0.9997219873292486,0.8191086132531695,132.47340216965102
11,7606,519,7087,0.2211969989174375,0.2827253179131542,0.0615283189957167,0.2290405454859266,0.7906854796102504,0.561644934297727,0.5469716925294963,0.9999394529028406,0.999651546849922,0.8100184065211675,136.42216671049172
12,7584,497,7087,0.21789213594784512,0.28352577882219376,0.06563364287434864,0.22178110939332965,0.7779145989995344,0.5561334897108452,0.5429177568705956,0.9999419983368871,0.9996734908719955,0.823707805907173,133.58082805907173
13,7556,469,7087,0.21877255020223563,0.30172057708856215,0.08294802688632652,0.2282437258346518,0.7550241411259593,0.5267804154542988,0.5148335447517666,0.9999324248293621,0.9995862250118384,0.8254367390153521,133.93753308628905
14,7529,442,7087,0.21980664700205393,0.3066266063199325,0.08681995931787856,0.22317581149598528,0.7419536631323255,0.5187778518328594,0.5080567806460159,0.9999301412950503,0.9995538688940244,0.8212245982202152,134.87634480010627
15,7490,403,7087,0.22085678456477992,0.30559786479510503,0.08474108023032512,0.2274186597542982,0.7516128947179266,0.5241942350372792,0.5120830390880633,0.9999307555759177,0.9995647509941679,0.8174899866488652,136.72763684913218
16,7464,377,7087,0.22101233865668965,0.3106392087387818,0.08962687008209216,0.2261329266153271,0.7425104915801202,0.5163775651046649,0.5061835485201489,0.9999431627949564,0.9995499731430783,0.8193997856377278,136.04648981779206
17,7427,340,7087,0.22103955895403862,0.3213841040222345,0.10034454506819587,0.22726508581589985,0.7292942334657447,0.5020291476796598,0.48991520049313764,0.9999339071322804,0.999486501853567,0.8185000673219335,136.78362730577624
18,7397,310,7087,0.22253325489292686,0.3262080479567856,0.10367479306385874,0.2260262604604782,0.7236463906354315,0.49762013031197344,0.48744397635294484,0.9999378306818049,0.9994572730939264,0.810734081384345,135.4861430309585
19,7370,283,7087,0.22153691496351183,0.3328887889718797,0.11135187400836785,0.22871663350149168,0.7173116599483577,0.48859502656458853,0.478517645320355,0.9999387945972761,0.9994453458466388,0.8172320217096336,135.7877883310719
20,7340,253,7087,0.22191789628766964,0.3398859202615317,0.11796802397386205,0.22815357704762285,0.7146955875150197,0.4865420106416482,0.4756014890992416,0.9999363981444065,0.9993892488962312,0.8103542234332425,135.0350136239782
21,7313,226,7087,0.22447469968731706,0.3496927495603416,0.1252180498730245,0.22941380183646445,0.7072190709606454,0.4778052692945003,0.46804268992391934,0.999941641909821,0.9993232867120242,0.8062354710789006,138.07739641733897
22,7288,201,7087,0.22314065306011313,0.36455035617132575,0.14140970311121262,0.22627803254248055,0.6855821049807823,0.459304072630016,0.4506212576813612,0.999938926747491,0.9992200150674767,0.8062568605927553,135.9300219538968
23,7266,179,7087,0.22227868638487897,0.3643260618917885,0.14204737550690955,0.22983043625567248,0.6932747146240382,0.4634442785118142,0.4530982727220386,0.9999316578419819,0.9992167938884997,0.8066336361134049,135.39292595650977
24,7235,148,7087,0.22334865927616582,0.3645107121328474,0.1411620528566816,0.22651145633377784,0.6872023570849536,0.46069090090308557,0.4534781303652112,0.9999403275770823,0.9992175033692096,0.8063579820317899,133.9238424326192
25,7207,120,7087,0.22294037619198956,0.36939348950426043,0.14645311331227087,0.22871320512328117,0.6870977103182823,0.45838450533566233,0.4487202021161296,0.9999397686175981,0.9991866485160353,0.7957541279311781,136.21895379492162
26,7183,96,7087,0.22487464303415972,0.3725615337710267,0.14768689073686697,0.22991888252264747,0.6876288043901218,0.4577099220123805,0.4478180952810195,0.9999371412876589,0.9991617722944339,0.8080189335932062,137.1698454684672
27,7154,67,7087,0.22240218880397633,0.3771069606498539,0.15470477184587755,0.22842512698804812,0.6798624253849769,0.4514372986254719,0.4410602753434366,0.9999283891534211,0.9991171141161365,0.8003913894324853,135.83939055074083
28,7139,52,7087,0.2246390008348121,0.3853654141277218,0.16072641329290968,0.22872869638087603,0.6726408382701193,0.4439121420134412,0.4350545591588352,0.9999387301941903,0.9990613213328017,0.8013727412802913,137.15688471774757
29,7110,23,7087,0.22257891415780723,0.38703775792250283,0.1644588437646956,0.22833587648353687,0.6732898657856307,0.44495398939555053,0.4355320059747508,0.9999364024507764,0.9990282994576243,0.8054852320675105,135.48832630098454
