model_version,completion_rate,rounds,kl,task_count
80.0,0.625,17.4375,168.92789806182256,16.0
81.0,0.5,18.1875,169.01937745749578,16.0
83.0,0.125,27.4375,237.0152507203884,16.0
84.0,0.5,17.9375,151.5602383894543,16.0
86.0,0.4375,20.125,159.42281488980768,16.0
87.0,0.6875,14.25,135.27509823395434,16.0
89.0,0.5,18.625,153.04230954263323,16.0
90.0,0.5625,17.25,169.63947479927882,16.0
92.0,0.375,20.8125,191.92988203752844,16.0
93.0,0.3125,22.625,201.52979444066517,16.0
94.0,0.5625,19.25,185.5214346265406,16.0
96.0,0.75,12.9375,123.01371804649295,16.0
97.0,0.5,18.75,163.65100086321456,16.0
99.0,0.5,17.75,142.85148200206422,16.0
100.0,0.625,15.9375,132.26275983255258,16.0
102.0,0.8125,12.6875,145.75782381706114,16.0
103.0,0.75,12.875,124.52739786064623,16.0
105.0,0.6875,14.0625,130.00044201269677,16.0
106.0,0.6875,15.0625,143.50664574698598,16.0
108.0,0.625,16.125,133.86318047762472,16.0
109.0,0.375,21.0,159.778911725106,16.0
111.0,0.75,12.75,140.2777063379688,16.0
113.0,0.625,15.1875,102.05192755134937,16.0
114.0,0.6875,14.4375,137.09328953252785,16.0
116.0,0.75,13.875,110.6882603539967,16.0
117.0,0.8125,13.375,116.73007903308934,16.0
119.0,0.5625,17.625,139.77767449657156,16.0
120.0,0.75,12.3125,104.89717956064851,16.0
122.0,0.625,15.4375,112.230959135481,16.0
123.0,0.6875,15.6875,128.26555110079312,16.0
125.0,0.75,13.5,104.34851171238296,16.0
126.0,0.625,15.8125,104.75643948855426,16.0
128.0,0.5625,17.5,115.6279160496218,16.0
129.0,0.8125,12.875,78.87172207510878,16.0
131.0,0.625,16.125,113.25036412806911,16.0
132.0,0.625,15.0,88.1555492934167,16.0
134.0,0.8125,12.5,81.4096319372763,16.0
135.0,0.5625,17.375,86.94367413191698,16.0
137.0,0.625,16.9375,105.8282850130667,16.0
138.0,0.875,9.5,70.46195878105765,16.0
140.0,0.6875,14.0625,124.61508061604724,16.0
141.0,0.75,12.3125,90.31460967547213,16.0
143.0,0.75,11.875,61.34137958104303,16.0
144.0,0.5,19.3125,100.76902775919731,16.0
146.0,0.6875,14.125,76.46784374185265,16.0
147.0,0.625,15.6875,93.81662333295623,16.0
149.0,0.75,12.25,75.2385220093856,16.0
150.0,0.5625,17.25,85.57519250559346,16.0
152.0,0.6875,14.9375,80.6444201217123,16.0
153.0,0.75,13.0625,120.96035365371253,16.0
155.0,0.75,13.875,102.82353172998397,16.0
156.0,0.625,16.25,96.5204656627568,16.0
158.0,0.875,9.5625,60.64774031075302,16.0
159.0,0.75,13.5625,110.5857074809754,16.0
161.0,0.625,15.1875,116.66687120379716,16.0
162.0,0.625,16.5,85.73059630403031,16.0
164.0,0.9375,8.9375,88.21067824057843,16.0
165.0,0.8125,11.125,71.40083789871997,16.0
167.0,0.875,10.3125,63.09569674113078,16.0
168.0,0.875,11.4375,82.69982485976652,16.0
170.0,0.6875,15.6875,124.2138626410629,16.0
171.0,0.9375,8.1875,57.37779260671216,16.0
173.0,0.8125,11.125,86.46170766861158,16.0
174.0,0.75,12.1875,90.26000933450428,16.0
176.0,0.75,13.4375,101.62187003699866,16.0
177.0,0.6875,14.5625,98.11617385080999,16.0
178.0,0.8125,11.4375,71.82695369433301,16.0
180.0,0.8125,11.1875,83.9487913277058,16.0
181.0,0.875,10.75,75.36019762031249,16.0
182.0,0.75,13.125,92.00446721730987,16.0
184.0,0.8125,11.0,70.10761899121702,16.0
185.0,0.875,9.5625,61.990451143662916,16.0
187.0,0.8125,11.875,87.43227588363249,16.0
188.0,0.875,10.4375,67.33607648832697,16.0
190.0,0.9375,8.75,64.08096126280711,16.0
191.0,0.9375,8.5625,56.12824073966466,16.0
193.0,0.8125,12.0625,59.54581462921679,16.0
194.0,0.8125,12.0,56.79803855952106,16.0
196.0,0.75,13.25,109.28917337680468,16.0
197.0,0.75,12.5,93.5675396249544,16.0
199.0,0.875,9.6875,60.58991733778193,16.0
200.0,0.8125,11.8125,74.25800102164953,16.0
202.0,0.6875,15.25,74.2994488322077,16.0
203.0,0.6875,13.1875,70.78700382088428,16.0
205.0,0.625,17.125,99.67285000779451,16.0
206.0,0.75,14.0625,70.50273708147964,16.0
208.0,0.6875,14.1875,81.5977121651167,16.0
209.0,0.625,16.3125,84.1654830887867,16.0
211.0,0.9375,7.9375,47.77067534066734,16.0
212.0,0.75,13.125,89.01534660207835,16.0
213.0,0.75,14.75,91.05776255303056,16.0
215.0,0.8125,13.5625,86.24681992040409,16.0
216.0,0.8125,10.75,58.18099964115194,16.0
218.0,0.9375,8.625,60.43231818120681,16.0
219.0,0.6875,15.125,88.55611328277784,16.0
221.0,0.75,13.4375,86.62987304714136,16.0
223.0,1.0,8.0,40.63786045514826,16.0
224.0,0.8125,11.1875,64.73262546182377,16.0
226.0,0.8125,11.5625,80.0327915399392,16.0
227.0,0.75,12.6875,63.039645857162014,16.0
229.0,0.4375,20.5,83.22235050989823,16.0
231.0,0.8125,11.6875,83.53706024117847,16.0
232.0,0.8125,12.0,76.27157931833042,16.0
234.0,0.8125,12.875,71.91226020885134,16.0
235.0,0.9375,8.5,69.42814674880356,16.0
237.0,0.875,9.4375,57.54929950052065,16.0
238.0,0.75,12.3125,83.65197737254024,16.0
240.0,0.6875,14.375,68.19246432001731,16.0
241.0,0.75,13.6875,54.29731859577262,16.0
243.0,0.625,15.5,83.44877423117511,16.0
244.0,0.8125,12.25,56.57128840427322,16.0
245.0,0.875,10.0625,57.84308525217784,16.0
247.0,0.6875,14.8125,89.57520798253654,16.0
248.0,0.8125,12.4375,46.92594621701478,16.0
