branch,branch_label,step,success_count,task_count,success_rate,success_rate_percent,seen_success_count,unseen_success_count,engine_num,provenance,source,source_sha256
linear_to_full,Linear anneal to full by step 160,80,126,274,0.45985401459854014,45.98540145985402,60,66,4,shared-original-step80,runs/experiments/warmup_boundary_full274_lyg_seed42/entropy_adaptive_v1_t0100/step_80_seed42/summary.json,b074243001928c8aedfc729c13ae42780e606405bfbc2e797c4626cb652f736b
linear_to_full,Linear anneal to full by step 160,100,156,274,0.5693430656934306,56.934306569343065,84,72,4,new-post80-evaluation,runs/experiments/recent_three_post80_full274_seed42/linear_to_full/step_100_seed42/summary.json,17f44b29fda56da908e4edb7151d1f3abd284168d5264186e1b53c8e1222503e
linear_to_full,Linear anneal to full by step 160,120,192,274,0.7007299270072993,70.07299270072993,98,94,4,new-post80-evaluation,runs/experiments/recent_three_post80_full274_seed42/linear_to_full/step_120_seed42/summary.json,ba4d6a4502ac5b43ab1aa79f40aaa1ff325fb57adcfea96344090fc03aab0024
linear_to_full,Linear anneal to full by step 160,140,203,274,0.7408759124087592,74.08759124087592,105,98,4,new-post80-evaluation,runs/experiments/recent_three_post80_full274_seed42/linear_to_full/step_140_seed42/summary.json,bd3088ae9cc772b81fd8a40c82f167f0bc823a6d23dd5a9bc05400a76f48eee3
linear_to_full,Linear anneal to full by step 160,160,195,274,0.7116788321167883,71.16788321167883,104,91,4,new-post80-evaluation,runs/experiments/recent_three_post80_full274_seed42/linear_to_full/step_160_seed42/summary.json,ea8498bba72d3654e75d3e5042189c159dd398c34ce1649c2b5a67bc982d3535
linear_to_full,Linear anneal to full by step 160,180,203,274,0.7408759124087592,74.08759124087592,110,93,4,new-post80-evaluation,runs/experiments/recent_three_post80_full274_seed42/linear_to_full/step_180_seed42/summary.json,a4d2724c18accc0260f84c60d38520daabb0ead12c70c724ca88c572ffc77ec9
linear_to_full,Linear anneal to full by step 160,200,196,274,0.7153284671532847,71.53284671532847,99,97,4,new-post80-evaluation,runs/experiments/recent_three_post80_full274_seed42/linear_to_full/step_200_seed42/summary.json,aa0b6dc5465b4df734268747a6a433133d63e2ba998b0473f0fb2a9907967cd6
linear_to_full,Linear anneal to full by step 160,220,208,274,0.7591240875912408,75.91240875912408,115,93,4,new-post80-evaluation,runs/experiments/recent_three_post80_full274_seed42/linear_to_full/step_220_seed42/summary.json,d61366be8e5bc85a55c24898d35fcbd9da42691c0f35014ee3c2de15b465ea8f
linear_to_full,Linear anneal to full by step 160,240,213,274,0.7773722627737226,77.73722627737226,105,108,4,new-post80-evaluation,runs/experiments/recent_three_post80_full274_seed42/linear_to_full/step_240_seed42/summary.json,9e66c9fb68053673540fa386941c1e9972195ae96abfcbc61fb78122f741ce7a
linear_to_full,Linear anneal to full by step 160,250,224,274,0.8175182481751825,81.75182481751825,118,106,4,reused-existing-step250,runs/experiments/entropy_adaptive_v1_t0100_step80_linear_anneal_to_full_step160_250step_4gpu_s1t1_r4/evaluation/step250_full274/summary.json,538e80e2919f751b80da6931a4d6e6cafb391e9c9ed0e0b29adcbb529bafdc47
cosine_to_t0200,Cosine anneal to \tau=0.200 by step 160,80,126,274,0.45985401459854014,45.98540145985402,60,66,4,shared-original-step80,runs/experiments/warmup_boundary_full274_lyg_seed42/entropy_adaptive_v1_t0100/step_80_seed42/summary.json,b074243001928c8aedfc729c13ae42780e606405bfbc2e797c4626cb652f736b
cosine_to_t0200,Cosine anneal to \tau=0.200 by step 160,100,144,274,0.5255474452554745,52.55474452554745,79,65,4,new-post80-evaluation,runs/experiments/recent_three_post80_full274_seed42/cosine_to_t0200/step_100_seed42/summary.json,8239025a03b1322fee7607216520735d5df2a81ca15af36479672666b25ed3ca
cosine_to_t0200,Cosine anneal to \tau=0.200 by step 160,120,191,274,0.6970802919708029,69.7080291970803,102,89,4,new-post80-evaluation,runs/experiments/recent_three_post80_full274_seed42/cosine_to_t0200/step_120_seed42/summary.json,9bda49690ac45407c507eb9f6dd1376ee8007d985b2cce9543164639db43f5e6
cosine_to_t0200,Cosine anneal to \tau=0.200 by step 160,140,194,274,0.708029197080292,70.8029197080292,99,95,4,new-post80-evaluation,runs/experiments/recent_three_post80_full274_seed42/cosine_to_t0200/step_140_seed42/summary.json,943808010d54460a5e3cc7cc9daef333c1f025b9f786f9b3f54df8122d706173
cosine_to_t0200,Cosine anneal to \tau=0.200 by step 160,160,205,274,0.7481751824817519,74.81751824817519,110,95,4,new-post80-evaluation,runs/experiments/recent_three_post80_full274_seed42/cosine_to_t0200/step_160_seed42/summary.json,8fa6eb7c3a1c094c60a2c7c6718135968454cb5dfb62027f5ab80fee9cdeafb7
cosine_to_t0200,Cosine anneal to \tau=0.200 by step 160,180,207,274,0.7554744525547445,75.54744525547446,109,98,4,new-post80-evaluation,runs/experiments/recent_three_post80_full274_seed42/cosine_to_t0200/step_180_seed42/summary.json,322abddd4f0b286f19b4eb745f2811864a5fd606cf528b44e23e4df84501c4e5
cosine_to_t0200,Cosine anneal to \tau=0.200 by step 160,200,213,274,0.7773722627737226,77.73722627737226,113,100,4,new-post80-evaluation,runs/experiments/recent_three_post80_full274_seed42/cosine_to_t0200/step_200_seed42/summary.json,b43cde4a5af2b2a9c784f3838361c33cbb4f6f36e177fa8d665fba0c442f8edd
cosine_to_t0200,Cosine anneal to \tau=0.200 by step 160,220,203,274,0.7408759124087592,74.08759124087592,107,96,4,new-post80-evaluation,runs/experiments/recent_three_post80_full274_seed42/cosine_to_t0200/step_220_seed42/summary.json,412221407dedb91f57f387bab84b707c0d0efbd8526482395aac5bdb3343f43a
cosine_to_t0200,Cosine anneal to \tau=0.200 by step 160,240,184,274,0.6715328467153284,67.15328467153284,101,83,4,new-post80-evaluation,runs/experiments/recent_three_post80_full274_seed42/cosine_to_t0200/step_240_seed42/summary.json,7cce6d89999f500f0438bb88fd5448b021daf23978aea6020a0a8c2efff74863
cosine_to_t0200,Cosine anneal to \tau=0.200 by step 160,250,210,274,0.7664233576642335,76.64233576642336,114,96,4,reused-existing-step250,runs/experiments/entropy_adaptive_v1_t0100_step80_cosine_to_t0200_step160_hold_250step_4gpu_s1t1_r4/evaluation/step250_full274/summary.json,aeb146122dacaefac1d564dddba48e017c2613c9b7b8be656879c6d2c7c4ca6d
cosine_to_t0175,Cosine anneal to \tau=0.175 by step 160,80,126,274,0.45985401459854014,45.98540145985402,60,66,4,shared-original-step80,runs/experiments/warmup_boundary_full274_lyg_seed42/entropy_adaptive_v1_t0100/step_80_seed42/summary.json,b074243001928c8aedfc729c13ae42780e606405bfbc2e797c4626cb652f736b
cosine_to_t0175,Cosine anneal to \tau=0.175 by step 160,100,167,274,0.6094890510948905,60.94890510948905,87,80,4,new-post80-evaluation,runs/experiments/recent_three_post80_full274_seed42/cosine_to_t0175/step_100_seed42/summary.json,034d30edbdf03a1dd8f80020dfb34c1b404a82b945217742852bfff3e7f192b3
cosine_to_t0175,Cosine anneal to \tau=0.175 by step 160,120,191,274,0.6970802919708029,69.7080291970803,105,86,4,new-post80-evaluation,runs/experiments/recent_three_post80_full274_seed42/cosine_to_t0175/step_120_seed42/summary.json,ee3514d7cbace53506a09d740b74d07387191e9366affa8b09c6fba9706c2577
cosine_to_t0175,Cosine anneal to \tau=0.175 by step 160,140,223,274,0.8138686131386861,81.38686131386861,114,109,4,new-post80-evaluation,runs/experiments/recent_three_post80_full274_seed42/cosine_to_t0175/step_140_seed42/summary.json,0c1fb0187827cd2c30c5adf53bee4ac30401bd962a5af03da60557e622c28aee
cosine_to_t0175,Cosine anneal to \tau=0.175 by step 160,160,222,274,0.8102189781021898,81.02189781021897,118,104,4,new-post80-evaluation,runs/experiments/recent_three_post80_full274_seed42/cosine_to_t0175/step_160_seed42/summary.json,2a48aabfef5458914986fb6ac41ff219139dc406db9fbdf6b7b5f83fa4f6a4f4
cosine_to_t0175,Cosine anneal to \tau=0.175 by step 160,180,217,274,0.791970802919708,79.1970802919708,112,105,4,new-post80-evaluation,runs/experiments/recent_three_post80_full274_seed42/cosine_to_t0175/step_180_seed42/summary.json,eee766b6db4bd0fbb65e73651d2ae03608e992136121273e94be6868a11d9163
cosine_to_t0175,Cosine anneal to \tau=0.175 by step 160,200,219,274,0.7992700729927007,79.92700729927007,116,103,4,new-post80-evaluation,runs/experiments/recent_three_post80_full274_seed42/cosine_to_t0175/step_200_seed42/summary.json,08d4169a9ca67d01baefb7f0508305f68fe600214958b7a9ad80a7869ddc2787
cosine_to_t0175,Cosine anneal to \tau=0.175 by step 160,220,223,274,0.8138686131386861,81.38686131386861,117,106,4,new-post80-evaluation,runs/experiments/recent_three_post80_full274_seed42/cosine_to_t0175/step_220_seed42/summary.json,b945464c8a7fbeae7ddb52203f25ae6460330d9531653cd6a64eb2e7bb450ac1
cosine_to_t0175,Cosine anneal to \tau=0.175 by step 160,240,226,274,0.8248175182481752,82.48175182481752,121,105,4,new-post80-evaluation,runs/experiments/recent_three_post80_full274_seed42/cosine_to_t0175/step_240_seed42/summary.json,2fb1d7053ef121c2b84fd62221c16629b20bc3c29fd59fe13411b5d02447b7ee
cosine_to_t0175,Cosine anneal to \tau=0.175 by step 160,250,225,274,0.8211678832116789,82.11678832116789,117,108,4,new-post80-evaluation,runs/experiments/recent_three_post80_full274_seed42/cosine_to_t0175/step_250_seed42/summary.json,beffd84a6543bd17a2def079ecd87def3a73c784736b9f02ffac461ce8b9c356
tcod_f2b,TCOD F2B,20,57,274,0.20802919708029197,20.802919708029197,30,27,4,existing-all-checkpoint-curve,runs/experiments/all_checkpoint_full274_seed42/tcod_f2b/step_20_seed42/summary.json,37db1be1e1819185417ea59c3519566cb18542d6f84d3477f7eb92344f547652
tcod_f2b,TCOD F2B,40,98,274,0.35766423357664234,35.76642335766424,48,50,5,existing-all-checkpoint-curve,runs/experiments/all_checkpoint_full274_seed42/tcod_f2b/step_40_seed42/summary.json,d7e5bf82f0690fc9fc7360adc071ed6f217bc11236c078b3a4b4bd260e860ff6
tcod_f2b,TCOD F2B,60,142,274,0.5182481751824818,51.82481751824818,78,64,4,existing-all-checkpoint-curve,runs/experiments/warmup_boundary_full274_lyg_seed42/tcod_f2b/step_60_seed42/summary.json,dd8176a9d056e0a2c3b8d1884e22421f7c37e2f72131962407be782e7e18eceb
tcod_f2b,TCOD F2B,80,122,274,0.44525547445255476,44.52554744525548,67,55,4,existing-all-checkpoint-curve,runs/experiments/warmup_boundary_full274_lyg_seed42/tcod_f2b/step_80_seed42/summary.json,298f96cf55fd87f7ae4f15ee63dfb09217072a0034f53facc954bb6690bc65cd
tcod_f2b,TCOD F2B,100,169,274,0.6167883211678832,61.67883211678832,83,86,4,existing-all-checkpoint-curve,runs/experiments/warmup_boundary_full274_lyg_seed42/tcod_f2b/step_100_seed42/summary.json,6447ec050dc863ed010eed2f721ac38867f5a170d08302f41edc8cfc92cf1caa
tcod_f2b,TCOD F2B,120,177,274,0.6459854014598541,64.59854014598541,96,81,5,existing-all-checkpoint-curve,runs/experiments/all_checkpoint_full274_seed42/tcod_f2b/step_120_seed42/summary.json,fa121be64c2b757fbd3645cfa13bab5f542042d9d356aec9d31c38fddec33249
tcod_f2b,TCOD F2B,140,199,274,0.7262773722627737,72.62773722627736,106,93,5,existing-all-checkpoint-curve,runs/experiments/all_checkpoint_full274_seed42/tcod_f2b/step_140_seed42/summary.json,b14f64139457f5747491350ed99b2bb0fea9413d9ae577b01dc7f61b04d1f37f
tcod_f2b,TCOD F2B,160,206,274,0.7518248175182481,75.18248175182481,107,99,5,existing-all-checkpoint-curve,runs/experiments/all_checkpoint_full274_seed42/tcod_f2b/step_160_seed42/summary.json,7a952303e045c9ff0d2e53db108eba8c040992c369bd42bed99f50b4d7c157c6
tcod_f2b,TCOD F2B,180,212,274,0.7737226277372263,77.37226277372264,109,103,5,existing-all-checkpoint-curve,runs/experiments/all_checkpoint_full274_seed42/tcod_f2b/step_180_seed42/summary.json,df2538534d9a13dc2f7880ac422967d174ec5eab538edb4148d656fac235d825
tcod_f2b,TCOD F2B,200,234,274,0.8540145985401459,85.40145985401459,124,110,5,existing-all-checkpoint-curve,runs/experiments/all_checkpoint_full274_seed42/tcod_f2b/step_200_seed42/summary.json,3bf7c3e3f6d44b5ae25887b4b51978ad33931de173784758cb97b39f93b9a763
tcod_f2b,TCOD F2B,220,227,274,0.8284671532846716,82.84671532846716,120,107,5,existing-all-checkpoint-curve,runs/experiments/all_checkpoint_full274_seed42/tcod_f2b/step_220_seed42/summary.json,d3e6fac67c276caf93279828290fe802a684cf5b9c066d9de8fe469156268874
tcod_f2b,TCOD F2B,240,233,274,0.8503649635036497,85.03649635036497,122,111,5,existing-all-checkpoint-curve,runs/experiments/all_checkpoint_full274_seed42/tcod_f2b/step_240_seed42/summary.json,5555eb37e22e227b9f38faeaab4ac90c29198cb0ebc59658f37b9ecf5adc3286
tcod_f2b,TCOD F2B,250,232,274,0.8467153284671532,84.67153284671532,122,110,4,existing-all-checkpoint-curve,results/evaluations/2026-08-08_tcod-f2b-qwen25-3b-step250-full274-h30-accmemory-strict/evaluation/full274_h30/summary.json,295b858a3b34505346da44e922757f8f6ed0275c30aee2e2b4bfc8d0039cc9a0
vanilla_opd,Vanilla OPD,20,34,274,0.12408759124087591,12.408759124087592,19,15,4,existing-all-checkpoint-curve,runs/experiments/all_checkpoint_full274_seed42/vanilla_opd/step_20_seed42/summary.json,c24ddbbef5f133f839355cc324ada182c3d5da96816a4245d7519f3f40e91945
vanilla_opd,Vanilla OPD,40,97,274,0.354014598540146,35.4014598540146,51,46,5,existing-all-checkpoint-curve,runs/experiments/all_checkpoint_full274_seed42/vanilla_opd/step_40_seed42/summary.json,a3e9f84109db1a58ac80b8632b9a9e6c18ffeee4153b0a0b9b2f2bd53d72c995
vanilla_opd,Vanilla OPD,60,92,274,0.3357664233576642,33.57664233576642,53,39,4,existing-all-checkpoint-curve,runs/experiments/warmup_boundary_full274_lyg_seed42/vanilla_opd/step_60_seed42/summary.json,5b009d01476b6f9d6b382b6f553fb09c944f428e7d783b68ebb016de8c5e0f29
vanilla_opd,Vanilla OPD,80,126,274,0.45985401459854014,45.98540145985402,66,60,4,existing-all-checkpoint-curve,runs/experiments/warmup_boundary_full274_lyg_seed42/vanilla_opd/step_80_seed42/summary.json,4e95b92af8ce9c8af1764517a5e16cbfa49e64b956fbe419229b55768c0e1b18
vanilla_opd,Vanilla OPD,100,133,274,0.4854014598540146,48.54014598540146,67,66,4,existing-all-checkpoint-curve,runs/experiments/warmup_boundary_full274_lyg_seed42/vanilla_opd/step_100_seed42/summary.json,5ae0338e7c8331cb39afc974b73e797c0b00f8dee0a87bdfffe39e70f1907f70
vanilla_opd,Vanilla OPD,120,178,274,0.6496350364963503,64.96350364963503,98,80,5,existing-all-checkpoint-curve,runs/experiments/all_checkpoint_full274_seed42/vanilla_opd/step_120_seed42/summary.json,01d81b10c03ba1920409fff8cdc12ea3c7aae58125b57c1b8410fe58a572803d
vanilla_opd,Vanilla OPD,140,191,274,0.6970802919708029,69.7080291970803,102,89,5,existing-all-checkpoint-curve,runs/experiments/all_checkpoint_full274_seed42/vanilla_opd/step_140_seed42/summary.json,f55fcedcba68c0f941d2d4fec4a836d9f925ea6cdbab60839a4cd868d0ca3182
vanilla_opd,Vanilla OPD,160,209,274,0.7627737226277372,76.27737226277372,107,102,5,existing-all-checkpoint-curve,runs/experiments/all_checkpoint_full274_seed42/vanilla_opd/step_160_seed42/summary.json,e5de07a3c0c9366741f09718e9d9edfebe912eb7cd46cf97005d3cb9a580eede
vanilla_opd,Vanilla OPD,180,225,274,0.8211678832116789,82.11678832116789,116,109,5,existing-all-checkpoint-curve,runs/experiments/all_checkpoint_full274_seed42/vanilla_opd/step_180_seed42/summary.json,9a618f3f065557e76cbdab249017070ac404010bc10adafe5b065538bd1ba27d
vanilla_opd,Vanilla OPD,200,226,274,0.8248175182481752,82.48175182481752,119,107,5,existing-all-checkpoint-curve,runs/experiments/all_checkpoint_full274_seed42/vanilla_opd/step_200_seed42/summary.json,05aa88a4a9a6592817d7422ad85a6c9e0ba212a49be9feb0529f77af5cb70d65
vanilla_opd,Vanilla OPD,220,224,274,0.8175182481751825,81.75182481751825,115,109,5,existing-all-checkpoint-curve,runs/experiments/all_checkpoint_full274_seed42/vanilla_opd/step_220_seed42/summary.json,1a8f5b887e2e51f821c1e6455944f80af3995fc3c3ebefb690c64e9fab239aff
vanilla_opd,Vanilla OPD,240,227,274,0.8284671532846716,82.84671532846716,122,105,5,existing-all-checkpoint-curve,runs/experiments/all_checkpoint_full274_seed42/vanilla_opd/step_240_seed42/summary.json,5193defa89ac3c2375c00062630c783bc0183f6821aa1c7a1bfd7202826b2994
vanilla_opd,Vanilla OPD,250,218,274,0.7956204379562044,79.56204379562044,115,103,4,existing-all-checkpoint-curve,results/evaluations/2026-08-09_vanilla-opd-qwen25-3b-step250-full274-h30-accmemory-strict/evaluation/full274_h30/summary.json,fd3fe61e71fc48cf12643fcc8ac1d9075bc3fd35294153670fb6157e00582a89
entropy_adaptive_v1_t0100,Adaptive v1 (\tau=0.100),20,40,274,0.145985401459854,14.5985401459854,23,17,5,existing-all-checkpoint-curve,runs/experiments/all_checkpoint_full274_seed42/entropy_adaptive_v1_t0100/step_20_seed42/summary.json,839e0d61570183cfa9c86754f908438e966d38239dd9594df9b34c37dfaaaf84
entropy_adaptive_v1_t0100,Adaptive v1 (\tau=0.100),40,96,274,0.35036496350364965,35.03649635036496,49,47,5,existing-all-checkpoint-curve,runs/experiments/all_checkpoint_full274_seed42/entropy_adaptive_v1_t0100/step_40_seed42/summary.json,3cf51c5e56590e3a1a899d41437ac51e79958f8b4aa1effe15b7b311f1506b6b
entropy_adaptive_v1_t0100,Adaptive v1 (\tau=0.100),60,111,274,0.4051094890510949,40.51094890510949,61,50,4,existing-all-checkpoint-curve,runs/experiments/warmup_boundary_full274_lyg_seed42/entropy_adaptive_v1_t0100/step_60_seed42/summary.json,d40e202611fe85cb5e4d3c138bf5aa172f7107cfe7ab22e5b7a0863a81d5187a
entropy_adaptive_v1_t0100,Adaptive v1 (\tau=0.100),80,126,274,0.45985401459854014,45.98540145985402,60,66,4,existing-all-checkpoint-curve,runs/experiments/warmup_boundary_full274_lyg_seed42/entropy_adaptive_v1_t0100/step_80_seed42/summary.json,b074243001928c8aedfc729c13ae42780e606405bfbc2e797c4626cb652f736b
entropy_adaptive_v1_t0100,Adaptive v1 (\tau=0.100),100,174,274,0.635036496350365,63.503649635036496,92,82,4,existing-all-checkpoint-curve,runs/experiments/warmup_boundary_full274_lyg_seed42/entropy_adaptive_v1_t0100/step_100_seed42/summary.json,b92867b49f216deb83ce005e71a65be1312ec012fabd3453b319b2ca9493bb3a
entropy_adaptive_v1_t0100,Adaptive v1 (\tau=0.100),120,211,274,0.7700729927007299,77.00729927007299,111,100,5,existing-all-checkpoint-curve,runs/experiments/all_checkpoint_full274_seed42/entropy_adaptive_v1_t0100/step_120_seed42/summary.json,c0ca21d01c765c8441637531ef3e010d287a353ac06f492d3cb1a1a5ef24ab80
entropy_adaptive_v1_t0100,Adaptive v1 (\tau=0.100),140,197,274,0.718978102189781,71.8978102189781,107,90,5,existing-all-checkpoint-curve,runs/experiments/all_checkpoint_full274_seed42/entropy_adaptive_v1_t0100/step_140_seed42/summary.json,6d9e1c31f9ab5effe97246ea4a115fa7569bba77ce9aa5eec90a45300be4dea8
entropy_adaptive_v1_t0100,Adaptive v1 (\tau=0.100),160,204,274,0.7445255474452555,74.45255474452554,110,94,5,existing-all-checkpoint-curve,runs/experiments/all_checkpoint_full274_seed42/entropy_adaptive_v1_t0100/step_160_seed42/summary.json,63ff7b40b1f59c42d20d4d10352f1c872fc538601fb73948cf23412f22cc4c01
entropy_adaptive_v1_t0100,Adaptive v1 (\tau=0.100),180,217,274,0.791970802919708,79.1970802919708,115,102,5,existing-all-checkpoint-curve,runs/experiments/all_checkpoint_full274_seed42/entropy_adaptive_v1_t0100/step_180_seed42/summary.json,7fe2a7a9e41dcce271d38c2f85c9aa678de7e867e8354c6fad665b638299bb1c
entropy_adaptive_v1_t0100,Adaptive v1 (\tau=0.100),200,225,274,0.8211678832116789,82.11678832116789,114,111,5,existing-all-checkpoint-curve,runs/experiments/all_checkpoint_full274_seed42/entropy_adaptive_v1_t0100/step_200_seed42/summary.json,4863fb0d12281b436180e76e58fcc42b834adcb8755fd73bfb074ba2cbaa3cbe
entropy_adaptive_v1_t0100,Adaptive v1 (\tau=0.100),220,224,274,0.8175182481751825,81.75182481751825,118,106,5,existing-all-checkpoint-curve,runs/experiments/all_checkpoint_full274_seed42/entropy_adaptive_v1_t0100/step_220_seed42/summary.json,5bf8bc79adc5be2a8b3f995fee01c07b3e2b903ebd47745c369d874054b4f260
entropy_adaptive_v1_t0100,Adaptive v1 (\tau=0.100),240,227,274,0.8284671532846716,82.84671532846716,119,108,5,existing-all-checkpoint-curve,runs/experiments/all_checkpoint_full274_seed42/entropy_adaptive_v1_t0100/step_240_seed42/summary.json,b2dee760ead9b1881609799e2313db2bab33921a420093632949b6146b13950d
entropy_adaptive_v1_t0100,Adaptive v1 (\tau=0.100),250,238,274,0.8686131386861314,86.86131386861314,123,115,4,existing-all-checkpoint-curve,runs/experiments/entropy_adaptive_v1_t0100_250step_4gpu_s1t1_r4/evaluation/step250_full274/summary.json,d88b4d8a158554dc2e13cec97ab6e62c4be77e712bc5043805f602a554a5ee59
entropy_adaptive_v1_t0175,Adaptive v1 (\tau=0.175),10,24,274,0.08759124087591241,8.75912408759124,13,11,4,existing-all-checkpoint-curve,runs/experiments/entropy_adaptive_v1_step10_8gpu_s2t4_r16/evaluation/full274/summary.json,469b0a379832ffdebde39b57fc2036a44c064348b62f62369a14120d2bd6a14c
entropy_adaptive_v1_t0175,Adaptive v1 (\tau=0.175),20,31,274,0.11313868613138686,11.313868613138686,15,16,5,existing-all-checkpoint-curve,runs/experiments/t0175_all_checkpoint_full274_seed42/step_20_seed42/summary.json,1b867f442be79ce168b5642ddff7a0aefd1cdf7aef2cad2d139c6795547fc60d
entropy_adaptive_v1_t0175,Adaptive v1 (\tau=0.175),40,88,274,0.32116788321167883,32.11678832116788,54,34,5,existing-all-checkpoint-curve,runs/experiments/t0175_all_checkpoint_full274_seed42/step_40_seed42/summary.json,c122899eab10a9723bd833e4233b946b1a3d0e9c3a7091fecdf27005bcec0c2c
entropy_adaptive_v1_t0175,Adaptive v1 (\tau=0.175),60,105,274,0.38321167883211676,38.32116788321168,53,52,5,existing-all-checkpoint-curve,runs/experiments/t0175_all_checkpoint_full274_seed42/step_60_seed42/summary.json,0179bb8de09a91214d3cef73ced87fd19db6fb3f16c8885b4e552cc392c4678c
entropy_adaptive_v1_t0175,Adaptive v1 (\tau=0.175),80,114,274,0.41605839416058393,41.605839416058394,63,51,5,existing-all-checkpoint-curve,runs/experiments/t0175_all_checkpoint_full274_seed42/step_80_seed42/summary.json,bfc663e607c5c3a08cf97598f435e40629df62d644933bbc1d3e1b73d08e5789
entropy_adaptive_v1_t0175,Adaptive v1 (\tau=0.175),100,152,274,0.5547445255474452,55.47445255474452,83,69,5,existing-all-checkpoint-curve,runs/experiments/t0175_all_checkpoint_full274_seed42/step_100_seed42/summary.json,4a4437dc6f4f8edd6fddb70f579e2db808a7894eaea38439836ee880a2352771
entropy_adaptive_v1_t0175,Adaptive v1 (\tau=0.175),120,174,274,0.635036496350365,63.503649635036496,96,78,5,existing-all-checkpoint-curve,runs/experiments/t0175_all_checkpoint_full274_seed42/step_120_seed42/summary.json,91eac2e598c924b85526403d08def9abccaa0a986f5622b351223393f42c6596
entropy_adaptive_v1_t0175,Adaptive v1 (\tau=0.175),140,189,274,0.6897810218978102,68.97810218978103,101,88,5,existing-all-checkpoint-curve,runs/experiments/t0175_all_checkpoint_full274_seed42/step_140_seed42/summary.json,6b195c129f608ce4d71a976808b6db94aa7d2b6cdd90777a8b6d1202375a7264
entropy_adaptive_v1_t0175,Adaptive v1 (\tau=0.175),160,179,274,0.6532846715328468,65.32846715328468,95,84,5,existing-all-checkpoint-curve,runs/experiments/t0175_all_checkpoint_full274_seed42/step_160_seed42/summary.json,d4018eff623e9e160416bc522735f0c40d30c401a0a922d8e5217fdc369d5d4d
entropy_adaptive_v1_t0175,Adaptive v1 (\tau=0.175),180,203,274,0.7408759124087592,74.08759124087592,103,100,5,existing-all-checkpoint-curve,runs/experiments/t0175_all_checkpoint_full274_seed42/step_180_seed42/summary.json,bae18b2627d83d399d592ab2e6aedd05836bd6ca1cde5943d82d82c1cdb3d050
entropy_adaptive_v1_t0175,Adaptive v1 (\tau=0.175),200,211,274,0.7700729927007299,77.00729927007299,112,99,5,existing-all-checkpoint-curve,runs/experiments/t0175_all_checkpoint_full274_seed42/step_200_seed42/summary.json,bd9b3612119d1b3cff01178bd2e1346bd4525162faa08b071328ee067748a241
entropy_adaptive_v1_t0175,Adaptive v1 (\tau=0.175),220,207,274,0.7554744525547445,75.54744525547446,108,99,5,existing-all-checkpoint-curve,runs/experiments/t0175_all_checkpoint_full274_seed42/step_220_seed42/summary.json,7b52b4fcb0ee16a52fd0dc86d41560f53ebceed98a34438c7b5865eb28013451
entropy_adaptive_v1_t0175,Adaptive v1 (\tau=0.175),240,192,274,0.7007299270072993,70.07299270072993,99,93,5,existing-all-checkpoint-curve,runs/experiments/t0175_all_checkpoint_full274_seed42/step_240_seed42/summary.json,8c3c2235c7ef732e5f023faa868ef71f565bf0a4ab799a7e6c818499fd77945b
entropy_adaptive_v1_t0175,Adaptive v1 (\tau=0.175),250,193,274,0.7043795620437956,70.43795620437956,110,83,4,existing-all-checkpoint-curve,runs/experiments/entropy_adaptive_v1_step10_8gpu_s2t4_r16/evaluation/step250_full274/summary.json,7abeda63c2122ef0cf1d16b2fde2449a44877c63c595b62e48b7193f19e24d2f
